{
  "type": "FeatureCollection",
  "name": "Vintage Optical drive-time catchment windows",
  "metadata": {
    "subject": "Vintage Optical",
    "public_origin": {
      "latitude": 40.6049094,
      "longitude": -89.467024,
      "address": "605 S Main St, Morton, IL 61550",
      "source_id": "GOOGLE_MAPS_SAMPLE_20260730",
      "captured_at": "2026-07-30T12:54:08.602Z"
    },
    "source_id": "VALHALLA_20260730",
    "profile": "auto",
    "captured_at": "2026-07-30",
    "limitation": "Modeled drive time with no live traffic.",
    "geometry_repair_summary": {
      "5": "none_required",
      "10": "none_required",
      "15": "none_required",
      "20": "none_required",
      "30": "none_required"
    }
  },
  "features": [
    {
      "type": "Feature",
      "properties": {
        "contour_minutes": 5,
        "source_id": "VALHALLA_20260730",
        "source": "Valhalla isochrone response",
        "profile": "auto",
        "captured_at": "2026-07-30",
        "public_origin": {
          "latitude": 40.6049094,
          "longitude": -89.467024,
          "address": "605 S Main St, Morton, IL 61550",
          "source_id": "GOOGLE_MAPS_SAMPLE_20260730"
        },
        "limitation": "Modeled drive time with no live traffic.",
        "geometry_repair": "none_required"
      },
      "geometry": {
        "type": "Polygon",
        "coordinates": [
          [
            [
              -89.451023,
              40.639203
            ],
            [
              -89.452049,
              40.633935
            ],
            [
              -89.455184,
              40.633069
            ],
            [
              -89.453859,
              40.630909
            ],
            [
              -89.455989,
              40.629875
            ],
            [
              -89.459942,
              40.62999
            ],
            [
              -89.465023,
              40.635176
            ],
            [
              -89.466812,
              40.632909
            ],
            [
              -89.466313,
              40.630198
            ],
            [
              -89.46862,
              40.628909
            ],
            [
              -89.466013,
              40.626909
            ],
            [
              -89.469023,
              40.624016
            ],
            [
              -89.473023,
              40.623421
            ],
            [
              -89.47562,
              40.624313
            ],
            [
              -89.475888,
              40.627774
            ],
            [
              -89.471009,
              40.628909
            ],
            [
              -89.479023,
              40.63169
            ],
            [
              -89.481023,
              40.628214
            ],
            [
              -89.482585,
              40.629348
            ],
            [
              -89.484576,
              40.629357
            ],
            [
              -89.485023,
              40.631133
            ],
            [
              -89.486293,
              40.630909
            ],
            [
              -89.484287,
              40.626909
            ],
            [
              -89.487023,
              40.625465
            ],
            [
              -89.493023,
              40.624294
            ],
            [
              -89.495023,
              40.625645
            ],
            [
              -89.498227,
              40.625705
            ],
            [
              -89.499023,
              40.62705
            ],
            [
              -89.501343,
              40.626909
            ],
            [
              -89.499137,
              40.626795
            ],
            [
              -89.499023,
              40.624669
            ],
            [
              -89.49597,
              40.623962
            ],
            [
              -89.495023,
              40.62239
            ],
            [
              -89.489452,
              40.62248
            ],
            [
              -89.489023,
              40.62157
            ],
            [
              -89.483831,
              40.620101
            ],
            [
              -89.483705,
              40.61759
            ],
            [
              -89.486617,
              40.608502
            ],
            [
              -89.491023,
              40.608139
            ],
            [
              -89.493023,
              40.60633
            ],
            [
              -89.501023,
              40.60619
            ],
            [
              -89.50201,
              40.606909
            ],
            [
              -89.503023,
              40.610775
            ],
            [
              -89.504037,
              40.606909
            ],
            [
              -89.505023,
              40.606094
            ],
            [
              -89.509887,
              40.605772
            ],
            [
              -89.511023,
              40.604652
            ],
            [
              -89.512306,
              40.605627
            ],
            [
              -89.515023,
              40.605675
            ],
            [
              -89.517023,
              40.606665
            ],
            [
              -89.519023,
              40.605356
            ],
            [
              -89.522114,
              40.604909
            ],
            [
              -89.515023,
              40.604143
            ],
            [
              -89.513606,
              40.602326
            ],
            [
              -89.511966,
              40.601966
            ],
            [
              -89.509023,
              40.601891
            ],
            [
              -89.507023,
              40.60378
            ],
            [
              -89.505023,
              40.601899
            ],
            [
              -89.503023,
              40.601949
            ],
            [
              -89.501023,
              40.603628
            ],
            [
              -89.499023,
              40.597075
            ],
            [
              -89.497023,
              40.60355
            ],
            [
              -89.490647,
              40.603286
            ],
            [
              -89.490378,
              40.600909
            ],
            [
              -89.489023,
              40.599554
            ],
            [
              -89.480632,
              40.5993
            ],
            [
              -89.480189,
              40.592909
            ],
            [
              -89.481023,
              40.592316
            ],
            [
              -89.497023,
              40.591847
            ],
            [
              -89.499023,
              40.593549
            ],
            [
              -89.501023,
              40.591607
            ],
            [
              -89.506896,
              40.590909
            ],
            [
              -89.501023,
              40.590211
            ],
            [
              -89.499023,
              40.586958
            ],
            [
              -89.497023,
              40.589971
            ],
            [
              -89.485023,
              40.589564
            ],
            [
              -89.484367,
              40.587566
            ],
            [
              -89.483023,
              40.586794
            ],
            [
              -89.481451,
              40.589337
            ],
            [
              -89.480582,
              40.58935
            ],
            [
              -89.479316,
              40.574617
            ],
            [
              -89.477023,
              40.571589
            ],
            [
              -89.476697,
              40.574909
            ],
            [
              -89.478633,
              40.5753
            ],
            [
              -89.478652,
              40.576909
            ],
            [
              -89.475945,
              40.578909
            ],
            [
              -89.475445,
              40.583331
            ],
            [
              -89.471023,
              40.584222
            ],
            [
              -89.469663,
              40.585548
            ],
            [
              -89.466426,
              40.586312
            ],
            [
              -89.465023,
              40.589596
            ],
            [
              -89.462434,
              40.589499
            ],
            [
              -89.460063,
              40.586909
            ],
            [
              -89.459023,
              40.57837
            ],
            [
              -89.457256,
              40.586909
            ],
            [
              -89.457587,
              40.589473
            ],
            [
              -89.44377,
              40.590909
            ],
            [
              -89.445023,
              40.591597
            ],
            [
              -89.453023,
              40.591831
            ],
            [
              -89.453897,
              40.593782
            ],
            [
              -89.451023,
              40.595697
            ],
            [
              -89.449562,
              40.594371
            ],
            [
              -89.448485,
              40.594371
            ],
            [
              -89.447023,
              40.597836
            ],
            [
              -89.445023,
              40.595448
            ],
            [
              -89.440749,
              40.600634
            ],
            [
              -89.437023,
              40.603125
            ],
            [
              -89.434781,
              40.602667
            ],
            [
              -89.433763,
              40.605649
            ],
            [
              -89.432162,
              40.60577
            ],
            [
              -89.431023,
              40.603636
            ],
            [
              -89.429959,
              40.605844
            ],
            [
              -89.426142,
              40.606909
            ],
            [
              -89.429942,
              40.60799
            ],
            [
              -89.429776,
              40.611661
            ],
            [
              -89.419665,
              40.612909
            ],
            [
              -89.429023,
              40.614161
            ],
            [
              -89.431023,
              40.61729
            ],
            [
              -89.432768,
              40.614654
            ],
            [
              -89.435023,
              40.61396
            ],
            [
              -89.436568,
              40.617365
            ],
            [
              -89.439856,
              40.618077
            ],
            [
              -89.441023,
              40.619554
            ],
            [
              -89.443023,
              40.620432
            ],
            [
              -89.444162,
              40.618909
            ],
            [
              -89.445226,
              40.618706
            ],
            [
              -89.445713,
              40.623599
            ],
            [
              -89.443945,
              40.62583
            ],
            [
              -89.441748,
              40.626909
            ],
            [
              -89.445023,
              40.627687
            ],
            [
              -89.447023,
              40.629862
            ],
            [
              -89.449654,
              40.630278
            ],
            [
              -89.451023,
              40.639203
            ]
          ]
        ]
      }
    },
    {
      "type": "Feature",
      "properties": {
        "contour_minutes": 10,
        "source_id": "VALHALLA_20260730",
        "source": "Valhalla isochrone response",
        "profile": "auto",
        "captured_at": "2026-07-30",
        "public_origin": {
          "latitude": 40.6049094,
          "longitude": -89.467024,
          "address": "605 S Main St, Morton, IL 61550",
          "source_id": "GOOGLE_MAPS_SAMPLE_20260730"
        },
        "limitation": "Modeled drive time with no live traffic.",
        "geometry_repair": "none_required"
      },
      "geometry": {
        "type": "Polygon",
        "coordinates": [
          [
            [
              -89.577023,
              40.676888
            ],
            [
              -89.577209,
              40.672724
            ],
            [
              -89.574501,
              40.668909
            ],
            [
              -89.572255,
              40.667677
            ],
            [
              -89.57184,
              40.664092
            ],
            [
              -89.568448,
              40.661484
            ],
            [
              -89.567379,
              40.658553
            ],
            [
              -89.564111,
              40.655821
            ],
            [
              -89.561875,
              40.652057
            ],
            [
              -89.557914,
              40.648018
            ],
            [
              -89.553023,
              40.647594
            ],
            [
              -89.551944,
              40.645988
            ],
            [
              -89.549023,
              40.645299
            ],
            [
              -89.548001,
              40.643932
            ],
            [
              -89.544968,
              40.642964
            ],
            [
              -89.543629,
              40.634909
            ],
            [
              -89.544679,
              40.632565
            ],
            [
              -89.548976,
              40.632909
            ],
            [
              -89.553023,
              40.635066
            ],
            [
              -89.556571,
              40.635362
            ],
            [
              -89.557023,
              40.635931
            ],
            [
              -89.557297,
              40.632909
            ],
            [
              -89.559023,
              40.632278
            ],
            [
              -89.605689,
              40.630909
            ],
            [
              -89.556958,
              40.628974
            ],
            [
              -89.556336,
              40.628909
            ],
            [
              -89.562106,
              40.626909
            ],
            [
              -89.559666,
              40.626267
            ],
            [
              -89.559023,
              40.625172
            ],
            [
              -89.557023,
              40.626282
            ],
            [
              -89.552325,
              40.625608
            ],
            [
              -89.551596,
              40.622337
            ],
            [
              -89.549023,
              40.622309
            ],
            [
              -89.547447,
              40.618485
            ],
            [
              -89.542629,
              40.617304
            ],
            [
              -89.544237,
              40.614909
            ],
            [
              -89.544294,
              40.612909
            ],
            [
              -89.543023,
              40.611638
            ],
            [
              -89.540673,
              40.61126
            ],
            [
              -89.541023,
              40.610354
            ],
            [
              -89.551023,
              40.609664
            ],
            [
              -89.555023,
              40.61045
            ],
            [
              -89.557023,
              40.610079
            ],
            [
              -89.561023,
              40.606208
            ],
            [
              -89.573023,
              40.605824
            ],
            [
              -89.574366,
              40.606909
            ],
            [
              -89.575023,
              40.610849
            ],
            [
              -89.576175,
              40.60606
            ],
            [
              -89.58363,
              40.604909
            ],
            [
              -89.577023,
              40.603275
            ],
            [
              -89.575023,
              40.604102
            ],
            [
              -89.569023,
              40.600032
            ],
            [
              -89.56813,
              40.602909
            ],
            [
              -89.567023,
              40.603756
            ],
            [
              -89.56387,
              40.602062
            ],
            [
              -89.559023,
              40.601797
            ],
            [
              -89.557023,
              40.603539
            ],
            [
              -89.554597,
              40.603336
            ],
            [
              -89.553023,
              40.601684
            ],
            [
              -89.551023,
              40.603459
            ],
            [
              -89.540714,
              40.603219
            ],
            [
              -89.541023,
              40.6022
            ],
            [
              -89.545023,
              40.602071
            ],
            [
              -89.547519,
              40.599405
            ],
            [
              -89.547333,
              40.596909
            ],
            [
              -89.547023,
              40.596126
            ],
            [
              -89.543023,
              40.597755
            ],
            [
              -89.541023,
              40.595903
            ],
            [
              -89.539538,
              40.597423
            ],
            [
              -89.537492,
              40.596909
            ],
            [
              -89.538457,
              40.592343
            ],
            [
              -89.539023,
              40.591906
            ],
            [
              -89.541023,
              40.592647
            ],
            [
              -89.543803,
              40.590909
            ],
            [
              -89.541023,
              40.590284
            ],
            [
              -89.539973,
              40.588909
            ],
            [
              -89.542635,
              40.586909
            ],
            [
              -89.543808,
              40.584909
            ],
            [
              -89.541763,
              40.58417
            ],
            [
              -89.539756,
              40.585642
            ],
            [
              -89.536248,
              40.585685
            ],
            [
              -89.535822,
              40.578909
            ],
            [
              -89.531775,
              40.574909
            ],
            [
              -89.531438,
              40.571323
            ],
            [
              -89.533725,
              40.568909
            ],
            [
              -89.531626,
              40.568306
            ],
            [
              -89.531023,
              40.567123
            ],
            [
              -89.525023,
              40.568086
            ],
            [
              -89.521023,
              40.564792
            ],
            [
              -89.517023,
              40.567756
            ],
            [
              -89.503023,
              40.567479
            ],
            [
              -89.501023,
              40.565521
            ],
            [
              -89.499023,
              40.565499
            ],
            [
              -89.497023,
              40.563862
            ],
            [
              -89.494588,
              40.563345
            ],
            [
              -89.493023,
              40.555638
            ],
            [
              -89.491335,
              40.567221
            ],
            [
              -89.481023,
              40.567284
            ],
            [
              -89.480238,
              40.565694
            ],
            [
              -89.478779,
              40.565153
            ],
            [
              -89.478534,
              40.540909
            ],
            [
              -89.477834,
              40.538909
            ],
            [
              -89.478605,
              40.528491
            ],
            [
              -89.479528,
              40.528405
            ],
            [
              -89.481023,
              40.529998
            ],
            [
              -89.482494,
              40.52838
            ],
            [
              -89.483648,
              40.528284
            ],
            [
              -89.489023,
              40.532586
            ],
            [
              -89.495023,
              40.531557
            ],
            [
              -89.496306,
              40.530192
            ],
            [
              -89.499023,
              40.5297
            ],
            [
              -89.502678,
              40.531255
            ],
            [
              -89.506629,
              40.530909
            ],
            [
              -89.505023,
              40.530418
            ],
            [
              -89.503349,
              40.528583
            ],
            [
              -89.499854,
              40.528079
            ],
            [
              -89.49716,
              40.526772
            ],
            [
              -89.495023,
              40.524075
            ],
            [
              -89.487023,
              40.521845
            ],
            [
              -89.483023,
              40.52406
            ],
            [
              -89.478572,
              40.52336
            ],
            [
              -89.477869,
              40.518063
            ],
            [
              -89.47421,
              40.514909
            ],
            [
              -89.473938,
              40.504909
            ],
            [
              -89.473166,
              40.502909
            ],
            [
              -89.473637,
              40.498909
            ],
            [
              -89.471148,
              40.498784
            ],
            [
              -89.471023,
              40.491707
            ],
            [
              -89.470471,
              40.498909
            ],
            [
              -89.472582,
              40.49935
            ],
            [
              -89.472754,
              40.500909
            ],
            [
              -89.470679,
              40.516909
            ],
            [
              -89.472315,
              40.518909
            ],
            [
              -89.469764,
              40.520909
            ],
            [
              -89.471988,
              40.522909
            ],
            [
              -89.470363,
              40.52357
            ],
            [
              -89.469023,
              40.521439
            ],
            [
              -89.467716,
              40.523602
            ],
            [
              -89.465023,
              40.524037
            ],
            [
              -89.463023,
              40.522227
            ],
            [
              -89.459816,
              40.522116
            ],
            [
              -89.459086,
              40.520846
            ],
            [
              -89.456531,
              40.520909
            ],
            [
              -89.458753,
              40.521179
            ],
            [
              -89.458711,
              40.523221
            ],
            [
              -89.462338,
              40.525594
            ],
            [
              -89.469673,
              40.52626
            ],
            [
              -89.469918,
              40.527804
            ],
            [
              -89.468789,
              40.528909
            ],
            [
              -89.471794,
              40.530139
            ],
            [
              -89.473023,
              40.536325
            ],
            [
              -89.473968,
              40.528909
            ],
            [
              -89.47546,
              40.528473
            ],
            [
              -89.475023,
              40.554448
            ],
            [
              -89.473605,
              40.552909
            ],
            [
              -89.473023,
              40.549708
            ],
            [
              -89.472441,
              40.552909
            ],
            [
              -89.471023,
              40.554076
            ],
            [
              -89.459023,
              40.553584
            ],
            [
              -89.447023,
              40.554049
            ],
            [
              -89.445023,
              40.552707
            ],
            [
              -89.443023,
              40.55433
            ],
            [
              -89.438475,
              40.554909
            ],
            [
              -89.457472,
              40.55646
            ],
            [
              -89.457472,
              40.566909
            ],
            [
              -89.455023,
              40.567362
            ],
            [
              -89.453023,
              40.565561
            ],
            [
              -89.451023,
              40.567407
            ],
            [
              -89.433023,
              40.567764
            ],
            [
              -89.43186,
              40.566909
            ],
            [
              -89.431023,
              40.562502
            ],
            [
              -89.429706,
              40.567591
            ],
            [
              -89.423023,
              40.568492
            ],
            [
              -89.421023,
              40.570205
            ],
            [
              -89.4187,
              40.570585
            ],
            [
              -89.423023,
              40.571756
            ],
            [
              -89.427023,
              40.571868
            ],
            [
              -89.429023,
              40.569902
            ],
            [
              -89.430297,
              40.570909
            ],
            [
              -89.429403,
              40.583288
            ],
            [
              -89.418317,
              40.584909
            ],
            [
              -89.429023,
              40.5863
            ],
            [
              -89.429023,
              40.589341
            ],
            [
              -89.417023,
              40.589476
            ],
            [
              -89.415023,
              40.59151
            ],
            [
              -89.405023,
              40.591733
            ],
            [
              -89.404053,
              40.590909
            ],
            [
              -89.404207,
              40.584909
            ],
            [
              -89.403023,
              40.582583
            ],
            [
              -89.402374,
              40.58426
            ],
            [
              -89.400637,
              40.584909
            ],
            [
              -89.402107,
              40.585825
            ],
            [
              -89.402322,
              40.586909
            ],
            [
              -89.401659,
              40.591544
            ],
            [
              -89.396213,
              40.592909
            ],
            [
              -89.401023,
              40.593904
            ],
            [
              -89.40161,
              40.595495
            ],
            [
              -89.399023,
              40.597857
            ],
            [
              -89.39355,
              40.598909
            ],
            [
              -89.401503,
              40.600429
            ],
            [
              -89.401023,
              40.613355
            ],
            [
              -89.375023,
              40.613948
            ],
            [
              -89.373023,
              40.612545
            ],
            [
              -89.371023,
              40.613901
            ],
            [
              -89.358505,
              40.614909
            ],
            [
              -89.373023,
              40.616001
            ],
            [
              -89.401023,
              40.616463
            ],
            [
              -89.401023,
              40.61947
            ],
            [
              -89.398074,
              40.61996
            ],
            [
              -89.397023,
              40.621501
            ],
            [
              -89.346852,
              40.622909
            ],
            [
              -89.399023,
              40.624328
            ],
            [
              -89.3998,
              40.621686
            ],
            [
              -89.402191,
              40.621742
            ],
            [
              -89.401482,
              40.627367
            ],
            [
              -89.393649,
              40.628909
            ],
            [
              -89.401506,
              40.630426
            ],
            [
              -89.402218,
              40.640909
            ],
            [
              -89.401116,
              40.642909
            ],
            [
              -89.402164,
              40.643769
            ],
            [
              -89.403023,
              40.647254
            ],
            [
              -89.403988,
              40.643873
            ],
            [
              -89.406094,
              40.642909
            ],
            [
              -89.404134,
              40.640909
            ],
            [
              -89.403962,
              40.638909
            ],
            [
              -89.405833,
              40.636909
            ],
            [
              -89.405892,
              40.634909
            ],
            [
              -89.404243,
              40.632909
            ],
            [
              -89.404555,
              40.630441
            ],
            [
              -89.413185,
              40.628909
            ],
            [
              -89.411764,
              40.628168
            ],
            [
              -89.404579,
              40.627354
            ],
            [
              -89.403856,
              40.621742
            ],
            [
              -89.409023,
              40.62134
            ],
            [
              -89.411023,
              40.622412
            ],
            [
              -89.429023,
              40.622499
            ],
            [
              -89.429023,
              40.627486
            ],
            [
              -89.416865,
              40.628909
            ],
            [
              -89.425023,
              40.630664
            ],
            [
              -89.429407,
              40.630526
            ],
            [
              -89.431023,
              40.639608
            ],
            [
              -89.432664,
              40.63055
            ],
            [
              -89.441023,
              40.630551
            ],
            [
              -89.442308,
              40.630194
            ],
            [
              -89.442797,
              40.628683
            ],
            [
              -89.444713,
              40.628599
            ],
            [
              -89.445602,
              40.63033
            ],
            [
              -89.449211,
              40.630722
            ],
            [
              -89.449244,
              40.637129
            ],
            [
              -89.441023,
              40.637395
            ],
            [
              -89.439995,
              40.63788
            ],
            [
              -89.439023,
              40.641608
            ],
            [
              -89.431721,
              40.642211
            ],
            [
              -89.431023,
              40.641616
            ],
            [
              -89.430164,
              40.642909
            ],
            [
              -89.431023,
              40.64373
            ],
            [
              -89.439489,
              40.644444
            ],
            [
              -89.439678,
              40.645563
            ],
            [
              -89.438388,
              40.646909
            ],
            [
              -89.441023,
              40.650922
            ],
            [
              -89.442607,
              40.648909
            ],
            [
              -89.442702,
              40.640587
            ],
            [
              -89.44925,
              40.640682
            ],
            [
              -89.44928,
              40.643165
            ],
            [
              -89.445023,
              40.6437
            ],
            [
              -89.443814,
              40.644909
            ],
            [
              -89.445023,
              40.646118
            ],
            [
              -89.447358,
              40.646574
            ],
            [
              -89.448295,
              40.649637
            ],
            [
              -89.449822,
              40.650111
            ],
            [
              -89.447898,
              40.652909
            ],
            [
              -89.448273,
              40.653659
            ],
            [
              -89.450157,
              40.655775
            ],
            [
              -89.453413,
              40.65652
            ],
            [
              -89.453654,
              40.658909
            ],
            [
              -89.453023,
              40.659698
            ],
            [
              -89.445229,
              40.660909
            ],
            [
              -89.451023,
              40.661984
            ],
            [
              -89.459686,
              40.662246
            ],
            [
              -89.461292,
              40.662909
            ],
            [
              -89.461762,
              40.666909
            ],
            [
              -89.465023,
              40.66777
            ],
            [
              -89.467023,
              40.663458
            ],
            [
              -89.470065,
              40.660909
            ],
            [
              -89.468042,
              40.65989
            ],
            [
              -89.467023,
              40.658323
            ],
            [
              -89.465023,
              40.659926
            ],
            [
              -89.463023,
              40.657906
            ],
            [
              -89.461023,
              40.659716
            ],
            [
              -89.457023,
              40.659604
            ],
            [
              -89.456393,
              40.658909
            ],
            [
              -89.458366,
              40.656909
            ],
            [
              -89.456472,
              40.654909
            ],
            [
              -89.459023,
              40.652293
            ],
            [
              -89.467023,
              40.653455
            ],
            [
              -89.468267,
              40.652909
            ],
            [
              -89.468248,
              40.650134
            ],
            [
              -89.471355,
              40.64924
            ],
            [
              -89.473352,
              40.646909
            ],
            [
              -89.471945,
              40.642909
            ],
            [
              -89.473023,
              40.64207
            ],
            [
              -89.475474,
              40.642458
            ],
            [
              -89.476151,
              40.645781
            ],
            [
              -89.477023,
              40.646176
            ],
            [
              -89.479023,
              40.644233
            ],
            [
              -89.483726,
              40.644206
            ],
            [
              -89.487023,
              40.645565
            ],
            [
              -89.489221,
              40.644909
            ],
            [
              -89.488864,
              40.640909
            ],
            [
              -89.491023,
              40.640398
            ],
            [
              -89.498394,
              40.647539
            ],
            [
              -89.501023,
              40.647985
            ],
            [
              -89.502584,
              40.649348
            ],
            [
              -89.505023,
              40.649495
            ],
            [
              -89.506142,
              40.650909
            ],
            [
              -89.505787,
              40.652909
            ],
            [
              -89.511023,
              40.652468
            ],
            [
              -89.513023,
              40.653578
            ],
            [
              -89.515023,
              40.652182
            ],
            [
              -89.519676,
              40.656256
            ],
            [
              -89.519931,
              40.657817
            ],
            [
              -89.518966,
              40.658909
            ],
            [
              -89.519937,
              40.659996
            ],
            [
              -89.521401,
              40.660531
            ],
            [
              -89.525023,
              40.659848
            ],
            [
              -89.526736,
              40.661197
            ],
            [
              -89.530441,
              40.660909
            ],
            [
              -89.527819,
              40.660113
            ],
            [
              -89.52737,
              40.658562
            ],
            [
              -89.524198,
              40.657734
            ],
            [
              -89.51686,
              40.648909
            ],
            [
              -89.521023,
              40.645881
            ],
            [
              -89.523023,
              40.646261
            ],
            [
              -89.52335,
              40.645236
            ],
            [
              -89.520091,
              40.643841
            ],
            [
              -89.517023,
              40.639384
            ],
            [
              -89.515023,
              40.639894
            ],
            [
              -89.513882,
              40.638909
            ],
            [
              -89.51415,
              40.634909
            ],
            [
              -89.517023,
              40.634523
            ],
            [
              -89.517664,
              40.636268
            ],
            [
              -89.520712,
              40.636909
            ],
            [
              -89.521692,
              40.638241
            ],
            [
              -89.525023,
              40.638487
            ],
            [
              -89.526306,
              40.639627
            ],
            [
              -89.531023,
              40.640456
            ],
            [
              -89.531957,
              40.641975
            ],
            [
              -89.534181,
              40.642909
            ],
            [
              -89.535937,
              40.644909
            ],
            [
              -89.53446,
              40.646909
            ],
            [
              -89.536574,
              40.648909
            ],
            [
              -89.53597,
              40.650909
            ],
            [
              -89.537023,
              40.651144
            ],
            [
              -89.539023,
              40.649811
            ],
            [
              -89.54088,
              40.651053
            ],
            [
              -89.547723,
              40.650209
            ],
            [
              -89.548412,
              40.652909
            ],
            [
              -89.554152,
              40.65578
            ],
            [
              -89.555023,
              40.659434
            ],
            [
              -89.555193,
              40.654739
            ],
            [
              -89.551958,
              40.650909
            ],
            [
              -89.553023,
              40.650236
            ],
            [
              -89.555525,
              40.650407
            ],
            [
              -89.56357,
              40.658362
            ],
            [
              -89.564234,
              40.661698
            ],
            [
              -89.565447,
              40.662485
            ],
            [
              -89.566636,
              40.665296
            ],
            [
              -89.569597,
              40.666335
            ],
            [
              -89.571023,
              40.670892
            ],
            [
              -89.57468,
              40.673252
            ],
            [
              -89.576518,
              40.673414
            ],
            [
              -89.577023,
              40.676888
            ]
          ]
        ]
      }
    },
    {
      "type": "Feature",
      "properties": {
        "contour_minutes": 15,
        "source_id": "VALHALLA_20260730",
        "source": "Valhalla isochrone response",
        "profile": "auto",
        "captured_at": "2026-07-30",
        "public_origin": {
          "latitude": 40.6049094,
          "longitude": -89.467024,
          "address": "605 S Main St, Morton, IL 61550",
          "source_id": "GOOGLE_MAPS_SAMPLE_20260730"
        },
        "limitation": "Modeled drive time with no live traffic.",
        "geometry_repair": "none_required"
      },
      "geometry": {
        "type": "Polygon",
        "coordinates": [
          [
            [
              -89.619023,
              40.727986
            ],
            [
              -89.619523,
              40.723408
            ],
            [
              -89.62163,
              40.722909
            ],
            [
              -89.62162,
              40.708909
            ],
            [
              -89.618153,
              40.70778
            ],
            [
              -89.617626,
              40.706306
            ],
            [
              -89.613023,
              40.702171
            ],
            [
              -89.611478,
              40.705364
            ],
            [
              -89.605023,
              40.705747
            ],
            [
              -89.602841,
              40.705092
            ],
            [
              -89.602298,
              40.700909
            ],
            [
              -89.603822,
              40.698909
            ],
            [
              -89.598978,
              40.696954
            ],
            [
              -89.600262,
              40.694909
            ],
            [
              -89.596782,
              40.692909
            ],
            [
              -89.598623,
              40.690509
            ],
            [
              -89.599469,
              40.686464
            ],
            [
              -89.59871,
              40.684909
            ],
            [
              -89.597473,
              40.684459
            ],
            [
              -89.594744,
              40.685188
            ],
            [
              -89.593403,
              40.682909
            ],
            [
              -89.594066,
              40.680909
            ],
            [
              -89.592,
              40.678909
            ],
            [
              -89.593181,
              40.676909
            ],
            [
              -89.591822,
              40.674909
            ],
            [
              -89.595023,
              40.67395
            ],
            [
              -89.601878,
              40.680055
            ],
            [
              -89.60265,
              40.682536
            ],
            [
              -89.600888,
              40.683044
            ],
            [
              -89.606915,
              40.682909
            ],
            [
              -89.606145,
              40.68003
            ],
            [
              -89.607319,
              40.678909
            ],
            [
              -89.603023,
              40.677998
            ],
            [
              -89.601462,
              40.67647
            ],
            [
              -89.599869,
              40.676063
            ],
            [
              -89.596089,
              40.670909
            ],
            [
              -89.597507,
              40.669392
            ],
            [
              -89.601023,
              40.669208
            ],
            [
              -89.601023,
              40.668467
            ],
            [
              -89.596093,
              40.664909
            ],
            [
              -89.591023,
              40.664512
            ],
            [
              -89.590357,
              40.663576
            ],
            [
              -89.590641,
              40.662527
            ],
            [
              -89.593023,
              40.661967
            ],
            [
              -89.594213,
              40.660098
            ],
            [
              -89.597422,
              40.659307
            ],
            [
              -89.601343,
              40.655228
            ],
            [
              -89.601758,
              40.653644
            ],
            [
              -89.604636,
              40.652909
            ],
            [
              -89.604256,
              40.650909
            ],
            [
              -89.606578,
              40.646464
            ],
            [
              -89.609601,
              40.644909
            ],
            [
              -89.608674,
              40.642559
            ],
            [
              -89.611953,
              40.641838
            ],
            [
              -89.615023,
              40.638335
            ],
            [
              -89.616473,
              40.638358
            ],
            [
              -89.618049,
              40.635934
            ],
            [
              -89.621287,
              40.636645
            ],
            [
              -89.623856,
              40.640076
            ],
            [
              -89.627308,
              40.640624
            ],
            [
              -89.62789,
              40.642042
            ],
            [
              -89.631328,
              40.644604
            ],
            [
              -89.631978,
              40.647954
            ],
            [
              -89.634014,
              40.649918
            ],
            [
              -89.63799,
              40.651943
            ],
            [
              -89.639582,
              40.654909
            ],
            [
              -89.639698,
              40.656909
            ],
            [
              -89.638484,
              40.658369
            ],
            [
              -89.636777,
              40.658663
            ],
            [
              -89.635023,
              40.660519
            ],
            [
              -89.632175,
              40.660909
            ],
            [
              -89.629992,
              40.663878
            ],
            [
              -89.627023,
              40.665304
            ],
            [
              -89.633023,
              40.666703
            ],
            [
              -89.634655,
              40.664541
            ],
            [
              -89.638779,
              40.662664
            ],
            [
              -89.639225,
              40.660909
            ],
            [
              -89.645023,
              40.660294
            ],
            [
              -89.646126,
              40.661806
            ],
            [
              -89.64948,
              40.662453
            ],
            [
              -89.651023,
              40.664205
            ],
            [
              -89.653674,
              40.664258
            ],
            [
              -89.657023,
              40.66808
            ],
            [
              -89.659023,
              40.668056
            ],
            [
              -89.660455,
              40.669477
            ],
            [
              -89.663686,
              40.670246
            ],
            [
              -89.666154,
              40.672909
            ],
            [
              -89.665023,
              40.674968
            ],
            [
              -89.671923,
              40.676009
            ],
            [
              -89.674859,
              40.679073
            ],
            [
              -89.675023,
              40.683266
            ],
            [
              -89.675314,
              40.676618
            ],
            [
              -89.671863,
              40.672069
            ],
            [
              -89.671023,
              40.671531
            ],
            [
              -89.670636,
              40.672521
            ],
            [
              -89.667561,
              40.672371
            ],
            [
              -89.667379,
              40.670554
            ],
            [
              -89.665661,
              40.668271
            ],
            [
              -89.658187,
              40.665745
            ],
            [
              -89.655023,
              40.662087
            ],
            [
              -89.653023,
              40.662124
            ],
            [
              -89.651644,
              40.660289
            ],
            [
              -89.648682,
              40.659251
            ],
            [
              -89.647674,
              40.656909
            ],
            [
              -89.649922,
              40.654909
            ],
            [
              -89.649023,
              40.652262
            ],
            [
              -89.648229,
              40.654114
            ],
            [
              -89.64666,
              40.654546
            ],
            [
              -89.642204,
              40.653729
            ],
            [
              -89.641777,
              40.652155
            ],
            [
              -89.638041,
              40.649891
            ],
            [
              -89.63597,
              40.645962
            ],
            [
              -89.634533,
              40.645399
            ],
            [
              -89.634102,
              40.64183
            ],
            [
              -89.630733,
              40.6392
            ],
            [
              -89.630163,
              40.63777
            ],
            [
              -89.626494,
              40.637438
            ],
            [
              -89.623601,
              40.632909
            ],
            [
              -89.623565,
              40.63145
            ],
            [
              -89.625222,
              40.630909
            ],
            [
              -89.623494,
              40.630438
            ],
            [
              -89.622504,
              40.626909
            ],
            [
              -89.625967,
              40.625853
            ],
            [
              -89.626652,
              40.622538
            ],
            [
              -89.628416,
              40.620909
            ],
            [
              -89.628635,
              40.618521
            ],
            [
              -89.635847,
              40.611733
            ],
            [
              -89.63647,
              40.608356
            ],
            [
              -89.638133,
              40.606909
            ],
            [
              -89.638029,
              40.602909
            ],
            [
              -89.639613,
              40.601499
            ],
            [
              -89.640128,
              40.598014
            ],
            [
              -89.64151,
              40.596909
            ],
            [
              -89.641023,
              40.591704
            ],
            [
              -89.640393,
              40.596278
            ],
            [
              -89.637559,
              40.596909
            ],
            [
              -89.635424,
              40.598909
            ],
            [
              -89.636133,
              40.600909
            ],
            [
              -89.635677,
              40.603563
            ],
            [
              -89.634313,
              40.603619
            ],
            [
              -89.633023,
              40.600078
            ],
            [
              -89.631023,
              40.602471
            ],
            [
              -89.629023,
              40.601997
            ],
            [
              -89.627023,
              40.603725
            ],
            [
              -89.625023,
              40.599488
            ],
            [
              -89.623023,
              40.600866
            ],
            [
              -89.619023,
              40.600759
            ],
            [
              -89.618366,
              40.596252
            ],
            [
              -89.619023,
              40.595397
            ],
            [
              -89.621023,
              40.595278
            ],
            [
              -89.621234,
              40.59312
            ],
            [
              -89.623045,
              40.592909
            ],
            [
              -89.621058,
              40.590909
            ],
            [
              -89.61896,
              40.584973
            ],
            [
              -89.6176,
              40.584332
            ],
            [
              -89.61679,
              40.584675
            ],
            [
              -89.616225,
              40.586909
            ],
            [
              -89.615772,
              40.598909
            ],
            [
              -89.612765,
              40.600651
            ],
            [
              -89.613416,
              40.603301
            ],
            [
              -89.600731,
              40.603201
            ],
            [
              -89.602373,
              40.600909
            ],
            [
              -89.600425,
              40.598909
            ],
            [
              -89.600426,
              40.596311
            ],
            [
              -89.602044,
              40.59393
            ],
            [
              -89.603769,
              40.592909
            ],
            [
              -89.601023,
              40.592433
            ],
            [
              -89.599794,
              40.59368
            ],
            [
              -89.59634,
              40.594225
            ],
            [
              -89.597734,
              40.596909
            ],
            [
              -89.597541,
              40.600909
            ],
            [
              -89.594051,
              40.601936
            ],
            [
              -89.593309,
              40.603195
            ],
            [
              -89.586789,
              40.603143
            ],
            [
              -89.58651,
              40.598909
            ],
            [
              -89.585023,
              40.597422
            ],
            [
              -89.583023,
              40.597515
            ],
            [
              -89.58163,
              40.598909
            ],
            [
              -89.58336,
              40.600572
            ],
            [
              -89.583253,
              40.603139
            ],
            [
              -89.580803,
              40.603129
            ],
            [
              -89.580376,
              40.598909
            ],
            [
              -89.579023,
              40.597557
            ],
            [
              -89.577671,
              40.598909
            ],
            [
              -89.577468,
              40.600909
            ],
            [
              -89.575704,
              40.601589
            ],
            [
              -89.575023,
              40.603209
            ],
            [
              -89.5744,
              40.601533
            ],
            [
              -89.572688,
              40.600909
            ],
            [
              -89.572199,
              40.595733
            ],
            [
              -89.570583,
              40.594909
            ],
            [
              -89.570469,
              40.588354
            ],
            [
              -89.572869,
              40.586909
            ],
            [
              -89.569023,
              40.581361
            ],
            [
              -89.567866,
              40.586909
            ],
            [
              -89.564836,
              40.590909
            ],
            [
              -89.567436,
              40.592496
            ],
            [
              -89.567211,
              40.603096
            ],
            [
              -89.566394,
              40.601539
            ],
            [
              -89.564723,
              40.60121
            ],
            [
              -89.557575,
              40.601461
            ],
            [
              -89.557023,
              40.603154
            ],
            [
              -89.554859,
              40.603073
            ],
            [
              -89.554496,
              40.601437
            ],
            [
              -89.553023,
              40.601173
            ],
            [
              -89.551551,
              40.601437
            ],
            [
              -89.551023,
              40.603141
            ],
            [
              -89.546672,
              40.602909
            ],
            [
              -89.550227,
              40.602112
            ],
            [
              -89.550227,
              40.599706
            ],
            [
              -89.548796,
              40.598681
            ],
            [
              -89.552132,
              40.598018
            ],
            [
              -89.552707,
              40.596593
            ],
            [
              -89.555023,
              40.596285
            ],
            [
              -89.5564,
              40.594909
            ],
            [
              -89.556114,
              40.588909
            ],
            [
              -89.55421,
              40.586909
            ],
            [
              -89.555023,
              40.583625
            ],
            [
              -89.557023,
              40.582048
            ],
            [
              -89.559023,
              40.58212
            ],
            [
              -89.563023,
              40.577658
            ],
            [
              -89.566002,
              40.576909
            ],
            [
              -89.563023,
              40.57616
            ],
            [
              -89.559023,
              40.576271
            ],
            [
              -89.557604,
              40.577489
            ],
            [
              -89.55414,
              40.578026
            ],
            [
              -89.553023,
              40.579426
            ],
            [
              -89.547023,
              40.579331
            ],
            [
              -89.545867,
              40.579752
            ],
            [
              -89.545281,
              40.581166
            ],
            [
              -89.541737,
              40.581622
            ],
            [
              -89.541242,
              40.583127
            ],
            [
              -89.539641,
              40.583526
            ],
            [
              -89.539219,
              40.585104
            ],
            [
              -89.53676,
              40.585173
            ],
            [
              -89.536423,
              40.577509
            ],
            [
              -89.534829,
              40.577103
            ],
            [
              -89.534439,
              40.575493
            ],
            [
              -89.53272,
              40.574909
            ],
            [
              -89.532804,
              40.57269
            ],
            [
              -89.534327,
              40.572213
            ],
            [
              -89.534797,
              40.570683
            ],
            [
              -89.563023,
              40.570355
            ],
            [
              -89.565023,
              40.573802
            ],
            [
              -89.567023,
              40.570301
            ],
            [
              -89.577023,
              40.570095
            ],
            [
              -89.57803,
              40.570909
            ],
            [
              -89.578179,
              40.572909
            ],
            [
              -89.576441,
              40.574909
            ],
            [
              -89.577023,
              40.578203
            ],
            [
              -89.578051,
              40.575936
            ],
            [
              -89.579337,
              40.575223
            ],
            [
              -89.580384,
              40.57027
            ],
            [
              -89.585023,
              40.569806
            ],
            [
              -89.589023,
              40.570486
            ],
            [
              -89.594308,
              40.568909
            ],
            [
              -89.594224,
              40.566909
            ],
            [
              -89.592968,
              40.566853
            ],
            [
              -89.592465,
              40.568351
            ],
            [
              -89.589023,
              40.568272
            ],
            [
              -89.587023,
              40.565608
            ],
            [
              -89.584563,
              40.566449
            ],
            [
              -89.583775,
              40.567661
            ],
            [
              -89.58238,
              40.567552
            ],
            [
              -89.579966,
              40.564909
            ],
            [
              -89.579023,
              40.556426
            ],
            [
              -89.578367,
              40.560909
            ],
            [
              -89.576917,
              40.563015
            ],
            [
              -89.57808,
              40.564909
            ],
            [
              -89.577023,
              40.565782
            ],
            [
              -89.57568,
              40.564252
            ],
            [
              -89.573023,
              40.564025
            ],
            [
              -89.568646,
              40.564531
            ],
            [
              -89.567023,
              40.567517
            ],
            [
              -89.541023,
              40.567278
            ],
            [
              -89.54053,
              40.564416
            ],
            [
              -89.541922,
              40.562909
            ],
            [
              -89.541023,
              40.561278
            ],
            [
              -89.538227,
              40.562113
            ],
            [
              -89.537266,
              40.567152
            ],
            [
              -89.53479,
              40.567142
            ],
            [
              -89.534252,
              40.56568
            ],
            [
              -89.532675,
              40.564909
            ],
            [
              -89.534597,
              40.562909
            ],
            [
              -89.532642,
              40.560909
            ],
            [
              -89.534539,
              40.558909
            ],
            [
              -89.532606,
              40.556909
            ],
            [
              -89.532712,
              40.554597
            ],
            [
              -89.539023,
              40.55418
            ],
            [
              -89.541023,
              40.555962
            ],
            [
              -89.543023,
              40.553871
            ],
            [
              -89.547688,
              40.552909
            ],
            [
              -89.532698,
              40.551234
            ],
            [
              -89.532634,
              40.54052
            ],
            [
              -89.535551,
              40.540382
            ],
            [
              -89.537023,
              40.541684
            ],
            [
              -89.539023,
              40.540303
            ],
            [
              -89.545023,
              40.540304
            ],
            [
              -89.547023,
              40.54205
            ],
            [
              -89.549023,
              40.54176
            ],
            [
              -89.551023,
              40.540218
            ],
            [
              -89.579784,
              40.538909
            ],
            [
              -89.577743,
              40.53819
            ],
            [
              -89.569023,
              40.538066
            ],
            [
              -89.567023,
              40.536597
            ],
            [
              -89.565822,
              40.537708
            ],
            [
              -89.563023,
              40.537859
            ],
            [
              -89.561232,
              40.536909
            ],
            [
              -89.559023,
              40.533148
            ],
            [
              -89.558216,
              40.534101
            ],
            [
              -89.558331,
              40.536909
            ],
            [
              -89.557023,
              40.538018
            ],
            [
              -89.555023,
              40.535892
            ],
            [
              -89.553023,
              40.537628
            ],
            [
              -89.550533,
              40.537399
            ],
            [
              -89.549023,
              40.53471
            ],
            [
              -89.547498,
              40.537383
            ],
            [
              -89.546577,
              40.537356
            ],
            [
              -89.545023,
              40.534687
            ],
            [
              -89.543023,
              40.53749
            ],
            [
              -89.541023,
              40.528221
            ],
            [
              -89.538565,
              40.530909
            ],
            [
              -89.539516,
              40.532909
            ],
            [
              -89.537974,
              40.534909
            ],
            [
              -89.534697,
              40.535235
            ],
            [
              -89.532517,
              40.532909
            ],
            [
              -89.532276,
              40.522909
            ],
            [
              -89.533023,
              40.521933
            ],
            [
              -89.53808,
              40.520909
            ],
            [
              -89.532426,
              40.519506
            ],
            [
              -89.531023,
              40.508976
            ],
            [
              -89.529695,
              40.51758
            ],
            [
              -89.527023,
              40.520218
            ],
            [
              -89.524376,
              40.520909
            ],
            [
              -89.529585,
              40.522348
            ],
            [
              -89.529407,
              40.529293
            ],
            [
              -89.525023,
              40.529705
            ],
            [
              -89.52382,
              40.530909
            ],
            [
              -89.525023,
              40.532113
            ],
            [
              -89.529023,
              40.532315
            ],
            [
              -89.529023,
              40.533358
            ],
            [
              -89.521023,
              40.533311
            ],
            [
              -89.520239,
              40.531694
            ],
            [
              -89.519023,
              40.531301
            ],
            [
              -89.511023,
              40.531262
            ],
            [
              -89.510758,
              40.530643
            ],
            [
              -89.512572,
              40.528909
            ],
            [
              -89.511023,
              40.52736
            ],
            [
              -89.500808,
              40.527124
            ],
            [
              -89.499023,
              40.522407
            ],
            [
              -89.509925,
              40.521811
            ],
            [
              -89.513835,
              40.520909
            ],
            [
              -89.509925,
              40.520007
            ],
            [
              -89.498698,
              40.519234
            ],
            [
              -89.50049,
              40.516376
            ],
            [
              -89.503586,
              40.515472
            ],
            [
              -89.503023,
              40.510758
            ],
            [
              -89.501742,
              40.513628
            ],
            [
              -89.498254,
              40.51414
            ],
            [
              -89.494714,
              40.517218
            ],
            [
              -89.494432,
              40.512318
            ],
            [
              -89.495937,
              40.510909
            ],
            [
              -89.494326,
              40.509606
            ],
            [
              -89.493023,
              40.50567
            ],
            [
              -89.49136,
              40.515246
            ],
            [
              -89.489023,
              40.515413
            ],
            [
              -89.487023,
              40.513388
            ],
            [
              -89.484074,
              40.513959
            ],
            [
              -89.483599,
              40.514909
            ],
            [
              -89.485447,
              40.516909
            ],
            [
              -89.483896,
              40.517781
            ],
            [
              -89.483274,
              40.52116
            ],
            [
              -89.481234,
              40.52312
            ],
            [
              -89.478856,
              40.523077
            ],
            [
              -89.478506,
              40.517426
            ],
            [
              -89.47685,
              40.517082
            ],
            [
              -89.476498,
              40.515434
            ],
            [
              -89.474755,
              40.514909
            ],
            [
              -89.474713,
              40.498909
            ],
            [
              -89.471896,
              40.496909
            ],
            [
              -89.472701,
              40.494909
            ],
            [
              -89.473023,
              40.485905
            ],
            [
              -89.477023,
              40.482457
            ],
            [
              -89.491023,
              40.482271
            ],
            [
              -89.491957,
              40.484909
            ],
            [
              -89.490976,
              40.486909
            ],
            [
              -89.493023,
              40.489266
            ],
            [
              -89.495023,
              40.482182
            ],
            [
              -89.501023,
              40.482021
            ],
            [
              -89.503023,
              40.483233
            ],
            [
              -89.505023,
              40.481818
            ],
            [
              -89.511023,
              40.481819
            ],
            [
              -89.514163,
              40.480909
            ],
            [
              -89.511721,
              40.480212
            ],
            [
              -89.511023,
              40.478835
            ],
            [
              -89.509023,
              40.480278
            ],
            [
              -89.503023,
              40.479902
            ],
            [
              -89.501023,
              40.47872
            ],
            [
              -89.499023,
              40.479729
            ],
            [
              -89.495023,
              40.479636
            ],
            [
              -89.493023,
              40.473764
            ],
            [
              -89.491861,
              40.478909
            ],
            [
              -89.491023,
              40.479547
            ],
            [
              -89.472762,
              40.47917
            ],
            [
              -89.472588,
              40.468909
            ],
            [
              -89.474563,
              40.464909
            ],
            [
              -89.474528,
              40.459404
            ],
            [
              -89.474021,
              40.457911
            ],
            [
              -89.472504,
              40.456909
            ],
            [
              -89.472406,
              40.446909
            ],
            [
              -89.469644,
              40.444909
            ],
            [
              -89.470326,
              40.440909
            ],
            [
              -89.468148,
              40.439785
            ],
            [
              -89.467612,
              40.43632
            ],
            [
              -89.462532,
              40.430909
            ],
            [
              -89.463023,
              40.429819
            ],
            [
              -89.465224,
              40.42911
            ],
            [
              -89.465169,
              40.426909
            ],
            [
              -89.460129,
              40.425803
            ],
            [
              -89.458076,
              40.423856
            ],
            [
              -89.457023,
              40.413589
            ],
            [
              -89.45625,
              40.424909
            ],
            [
              -89.455023,
              40.426683
            ],
            [
              -89.453567,
              40.426909
            ],
            [
              -89.454701,
              40.427231
            ],
            [
              -89.455527,
              40.428909
            ],
            [
              -89.465729,
              40.438204
            ],
            [
              -89.465752,
              40.440909
            ],
            [
              -89.467692,
              40.442909
            ],
            [
              -89.467659,
              40.446909
            ],
            [
              -89.470049,
              40.448909
            ],
            [
              -89.469538,
              40.458909
            ],
            [
              -89.471594,
              40.460909
            ],
            [
              -89.471023,
              40.464599
            ],
            [
              -89.469574,
              40.46546
            ],
            [
              -89.469023,
              40.469694
            ],
            [
              -89.466873,
              40.466758
            ],
            [
              -89.463023,
              40.46833
            ],
            [
              -89.462082,
              40.469967
            ],
            [
              -89.460222,
              40.470909
            ],
            [
              -89.469023,
              40.472124
            ],
            [
              -89.469417,
              40.476909
            ],
            [
              -89.467352,
              40.479237
            ],
            [
              -89.463023,
              40.479437
            ],
            [
              -89.461023,
              40.481472
            ],
            [
              -89.459023,
              40.478326
            ],
            [
              -89.456635,
              40.47852
            ],
            [
              -89.457443,
              40.481329
            ],
            [
              -89.453023,
              40.481607
            ],
            [
              -89.451023,
              40.478248
            ],
            [
              -89.444466,
              40.478351
            ],
            [
              -89.441023,
              40.482079
            ],
            [
              -89.433339,
              40.482909
            ],
            [
              -89.441023,
              40.483739
            ],
            [
              -89.443023,
              40.485991
            ],
            [
              -89.445023,
              40.48395
            ],
            [
              -89.463023,
              40.484355
            ],
            [
              -89.465357,
              40.482575
            ],
            [
              -89.466229,
              40.490909
            ],
            [
              -89.465359,
              40.501244
            ],
            [
              -89.455023,
              40.502004
            ],
            [
              -89.453853,
              40.503739
            ],
            [
              -89.451056,
              40.504909
            ],
            [
              -89.455023,
              40.505629
            ],
            [
              -89.456311,
              40.504196
            ],
            [
              -89.459023,
              40.504182
            ],
            [
              -89.461023,
              40.506187
            ],
            [
              -89.462601,
              40.504486
            ],
            [
              -89.465023,
              40.504401
            ],
            [
              -89.467023,
              40.506362
            ],
            [
              -89.469311,
              40.504622
            ],
            [
              -89.469376,
              40.517262
            ],
            [
              -89.465803,
              40.517689
            ],
            [
              -89.465413,
              40.518909
            ],
            [
              -89.465803,
              40.520129
            ],
            [
              -89.467273,
              40.520659
            ],
            [
              -89.467324,
              40.522909
            ],
            [
              -89.465023,
              40.523204
            ],
            [
              -89.46441,
              40.521523
            ],
            [
              -89.46081,
              40.521123
            ],
            [
              -89.460393,
              40.516909
            ],
            [
              -89.459023,
              40.515539
            ],
            [
              -89.45811,
              40.515996
            ],
            [
              -89.457023,
              40.519239
            ],
            [
              -89.454789,
              40.519143
            ],
            [
              -89.454305,
              40.517628
            ],
            [
              -89.45077,
              40.517163
            ],
            [
              -89.45014,
              40.506909
            ],
            [
              -89.451004,
              40.504909
            ],
            [
              -89.448126,
              40.503807
            ],
            [
              -89.447023,
              40.502285
            ],
            [
              -89.445397,
              40.504909
            ],
            [
              -89.447743,
              40.506189
            ],
            [
              -89.447741,
              40.508909
            ],
            [
              -89.445668,
              40.510909
            ],
            [
              -89.447547,
              40.512909
            ],
            [
              -89.443328,
              40.517214
            ],
            [
              -89.441023,
              40.517337
            ],
            [
              -89.439023,
              40.515357
            ],
            [
              -89.432676,
              40.515256
            ],
            [
              -89.430345,
              40.512909
            ],
            [
              -89.430298,
              40.510183
            ],
            [
              -89.432036,
              40.508909
            ],
            [
              -89.429023,
              40.50797
            ],
            [
              -89.42619,
              40.508909
            ],
            [
              -89.427851,
              40.510909
            ],
            [
              -89.427023,
              40.515489
            ],
            [
              -89.417023,
              40.515671
            ],
            [
              -89.415023,
              40.517724
            ],
            [
              -89.413023,
              40.517776
            ],
            [
              -89.411711,
              40.516909
            ],
            [
              -89.411023,
              40.514922
            ],
            [
              -89.409739,
              40.517624
            ],
            [
              -89.406322,
              40.518207
            ],
            [
              -89.403023,
              40.520302
            ],
            [
              -89.397584,
              40.520909
            ],
            [
              -89.408712,
              40.52122
            ],
            [
              -89.411023,
              40.523359
            ],
            [
              -89.41237,
              40.520256
            ],
            [
              -89.415023,
              40.520094
            ],
            [
              -89.417023,
              40.521806
            ],
            [
              -89.419986,
              40.520909
            ],
            [
              -89.421023,
              40.518232
            ],
            [
              -89.437023,
              40.518444
            ],
            [
              -89.43791,
              40.520023
            ],
            [
              -89.441347,
              40.520586
            ],
            [
              -89.442757,
              40.522909
            ],
            [
              -89.437473,
              40.526909
            ],
            [
              -89.443023,
              40.528549
            ],
            [
              -89.445775,
              40.527661
            ],
            [
              -89.447023,
              40.526247
            ],
            [
              -89.455023,
              40.52648
            ],
            [
              -89.457023,
              40.528463
            ],
            [
              -89.459023,
              40.52654
            ],
            [
              -89.459752,
              40.52818
            ],
            [
              -89.461023,
              40.528545
            ],
            [
              -89.462295,
              40.52818
            ],
            [
              -89.463023,
              40.526606
            ],
            [
              -89.469212,
              40.52672
            ],
            [
              -89.469023,
              40.527239
            ],
            [
              -89.463836,
              40.527721
            ],
            [
              -89.46343,
              40.528909
            ],
            [
              -89.463836,
              40.530096
            ],
            [
              -89.465023,
              40.530503
            ],
            [
              -89.471222,
              40.530711
            ],
            [
              -89.47136,
              40.536909
            ],
            [
              -89.465023,
              40.537403
            ],
            [
              -89.463023,
              40.535927
            ],
            [
              -89.461048,
              40.536909
            ],
            [
              -89.461023,
              40.539511
            ],
            [
              -89.451023,
              40.540525
            ],
            [
              -89.443787,
              40.539673
            ],
            [
              -89.436017,
              40.540909
            ],
            [
              -89.443489,
              40.542444
            ],
            [
              -89.443023,
              40.553221
            ],
            [
              -89.416562,
              40.55337
            ],
            [
              -89.413023,
              40.552004
            ],
            [
              -89.411023,
              40.548489
            ],
            [
              -89.409907,
              40.552909
            ],
            [
              -89.407023,
              40.555561
            ],
            [
              -89.398405,
              40.555527
            ],
            [
              -89.397023,
              40.551202
            ],
            [
              -89.395023,
              40.555921
            ],
            [
              -89.393023,
              40.554258
            ],
            [
              -89.391023,
              40.556185
            ],
            [
              -89.384829,
              40.556909
            ],
            [
              -89.391023,
              40.557899
            ],
            [
              -89.405467,
              40.558465
            ],
            [
              -89.405589,
              40.562909
            ],
            [
              -89.402005,
              40.56589
            ],
            [
              -89.401023,
              40.569364
            ],
            [
              -89.399023,
              40.567426
            ],
            [
              -89.397023,
              40.567426
            ],
            [
              -89.395023,
              40.569432
            ],
            [
              -89.391023,
              40.569487
            ],
            [
              -89.389023,
              40.567834
            ],
            [
              -89.387492,
              40.569377
            ],
            [
              -89.385023,
              40.569592
            ],
            [
              -89.384145,
              40.568909
            ],
            [
              -89.383023,
              40.56436
            ],
            [
              -89.381023,
              40.569704
            ],
            [
              -89.369023,
              40.57033
            ],
            [
              -89.367722,
              40.57021
            ],
            [
              -89.367023,
              40.569022
            ],
            [
              -89.366179,
              40.570909
            ],
            [
              -89.367023,
              40.573028
            ],
            [
              -89.367737,
              40.571623
            ],
            [
              -89.369023,
              40.571488
            ],
            [
              -89.381543,
              40.572389
            ],
            [
              -89.382756,
              40.578909
            ],
            [
              -89.381023,
              40.581881
            ],
            [
              -89.379384,
              40.582909
            ],
            [
              -89.383675,
              40.584258
            ],
            [
              -89.385023,
              40.585634
            ],
            [
              -89.389023,
              40.584315
            ],
            [
              -89.391023,
              40.586398
            ],
            [
              -89.401235,
              40.586697
            ],
            [
              -89.401023,
              40.591195
            ],
            [
              -89.379785,
              40.591671
            ],
            [
              -89.371891,
              40.592909
            ],
            [
              -89.377023,
              40.593943
            ],
            [
              -89.378607,
              40.595325
            ],
            [
              -89.381023,
              40.595919
            ],
            [
              -89.385023,
              40.596132
            ],
            [
              -89.387023,
              40.594424
            ],
            [
              -89.401209,
              40.594724
            ],
            [
              -89.399603,
              40.595489
            ],
            [
              -89.399023,
              40.59719
            ],
            [
              -89.391702,
              40.597588
            ],
            [
              -89.391023,
              40.599273
            ],
            [
              -89.381023,
              40.599501
            ],
            [
              -89.379615,
              40.600909
            ],
            [
              -89.381023,
              40.602317
            ],
            [
              -89.393023,
              40.602553
            ],
            [
              -89.394312,
              40.602198
            ],
            [
              -89.395023,
              40.600591
            ],
            [
              -89.401195,
              40.600738
            ],
            [
              -89.401163,
              40.613049
            ],
            [
              -89.377023,
              40.613176
            ],
            [
              -89.37608,
              40.609852
            ],
            [
              -89.375023,
              40.60938
            ],
            [
              -89.373289,
              40.611175
            ],
            [
              -89.371666,
              40.611552
            ],
            [
              -89.371023,
              40.613194
            ],
            [
              -89.357023,
              40.613251
            ],
            [
              -89.356679,
              40.608564
            ],
            [
              -89.361023,
              40.608193
            ],
            [
              -89.362307,
              40.606909
            ],
            [
              -89.361023,
              40.599825
            ],
            [
              -89.359501,
              40.605386
            ],
            [
              -89.354047,
              40.605933
            ],
            [
              -89.353264,
              40.61315
            ],
            [
              -89.348758,
              40.613175
            ],
            [
              -89.348411,
              40.600909
            ],
            [
              -89.346362,
              40.598909
            ],
            [
              -89.346151,
              40.592909
            ],
            [
              -89.349023,
              40.58969
            ],
            [
              -89.351023,
              40.590359
            ],
            [
              -89.356065,
              40.588909
            ],
            [
              -89.351023,
              40.588196
            ],
            [
              -89.349023,
              40.588697
            ],
            [
              -89.347023,
              40.588042
            ],
            [
              -89.34218,
              40.588909
            ],
            [
              -89.344,
              40.590909
            ],
            [
              -89.343483,
              40.599368
            ],
            [
              -89.335192,
              40.600909
            ],
            [
              -89.345429,
              40.602503
            ],
            [
              -89.345023,
              40.603498
            ],
            [
              -89.340603,
              40.604909
            ],
            [
              -89.345383,
              40.606549
            ],
            [
              -89.345295,
              40.613181
            ],
            [
              -89.32861,
              40.613322
            ],
            [
              -89.327023,
              40.606607
            ],
            [
              -89.325471,
              40.613357
            ],
            [
              -89.317023,
              40.613907
            ],
            [
              -89.315681,
              40.614909
            ],
            [
              -89.325023,
              40.616203
            ],
            [
              -89.325693,
              40.620909
            ],
            [
              -89.325023,
              40.62131
            ],
            [
              -89.317023,
              40.621342
            ],
            [
              -89.315023,
              40.619354
            ],
            [
              -89.311479,
              40.619364
            ],
            [
              -89.301023,
              40.620115
            ],
            [
              -89.299023,
              40.619441
            ],
            [
              -89.293023,
              40.619483
            ],
            [
              -89.291023,
              40.621499
            ],
            [
              -89.282394,
              40.621538
            ],
            [
              -89.279871,
              40.620909
            ],
            [
              -89.280341,
              40.620227
            ],
            [
              -89.286718,
              40.618909
            ],
            [
              -89.279023,
              40.618066
            ],
            [
              -89.277023,
              40.615491
            ],
            [
              -89.276625,
              40.616909
            ],
            [
              -89.275023,
              40.618107
            ],
            [
              -89.271023,
              40.618195
            ],
            [
              -89.269023,
              40.616449
            ],
            [
              -89.267764,
              40.61765
            ],
            [
              -89.265023,
              40.617924
            ],
            [
              -89.263535,
              40.616398
            ],
            [
              -89.257882,
              40.616051
            ],
            [
              -89.257023,
              40.61413
            ],
            [
              -89.251023,
              40.614321
            ],
            [
              -89.249023,
              40.612485
            ],
            [
              -89.242704,
              40.612909
            ],
            [
              -89.248945,
              40.612988
            ],
            [
              -89.249023,
              40.615371
            ],
            [
              -89.256846,
              40.615087
            ],
            [
              -89.257023,
              40.617731
            ],
            [
              -89.257195,
              40.61708
            ],
            [
              -89.262771,
              40.617161
            ],
            [
              -89.263023,
              40.619925
            ],
            [
              -89.265023,
              40.619653
            ],
            [
              -89.267023,
              40.622019
            ],
            [
              -89.269023,
              40.622053
            ],
            [
              -89.269318,
              40.621203
            ],
            [
              -89.272653,
              40.621279
            ],
            [
              -89.273855,
              40.625741
            ],
            [
              -89.273023,
              40.626452
            ],
            [
              -89.269583,
              40.626909
            ],
            [
              -89.273946,
              40.627986
            ],
            [
              -89.273856,
              40.630909
            ],
            [
              -89.275023,
              40.632449
            ],
            [
              -89.277023,
              40.628192
            ],
            [
              -89.279023,
              40.628361
            ],
            [
              -89.28076,
              40.624909
            ],
            [
              -89.283023,
              40.624245
            ],
            [
              -89.293023,
              40.624324
            ],
            [
              -89.295023,
              40.622683
            ],
            [
              -89.301023,
              40.622003
            ],
            [
              -89.313023,
              40.622624
            ],
            [
              -89.313739,
              40.624193
            ],
            [
              -89.315023,
              40.624718
            ],
            [
              -89.32534,
              40.624592
            ],
            [
              -89.325023,
              40.625851
            ],
            [
              -89.315023,
              40.626034
            ],
            [
              -89.311482,
              40.626909
            ],
            [
              -89.325023,
              40.627967
            ],
            [
              -89.326087,
              40.628909
            ],
            [
              -89.327023,
              40.632204
            ],
            [
              -89.329938,
              40.630909
            ],
            [
              -89.33198,
              40.628909
            ],
            [
              -89.333576,
              40.624909
            ],
            [
              -89.345278,
              40.624654
            ],
            [
              -89.345023,
              40.62761
            ],
            [
              -89.341023,
              40.627875
            ],
            [
              -89.339023,
              40.630101
            ],
            [
              -89.337023,
              40.629566
            ],
            [
              -89.335556,
              40.630909
            ],
            [
              -89.341023,
              40.631878
            ],
            [
              -89.342405,
              40.630291
            ],
            [
              -89.345456,
              40.630476
            ],
            [
              -89.346304,
              40.642909
            ],
            [
              -89.346015,
              40.643901
            ],
            [
              -89.344133,
              40.644909
            ],
            [
              -89.346274,
              40.645658
            ],
            [
              -89.347023,
              40.64755
            ],
            [
              -89.347737,
              40.645622
            ],
            [
              -89.349221,
              40.644909
            ],
            [
              -89.347743,
              40.642909
            ],
            [
              -89.348588,
              40.630473
            ],
            [
              -89.357613,
              40.628909
            ],
            [
              -89.351023,
              40.627751
            ],
            [
              -89.348772,
              40.624658
            ],
            [
              -89.359023,
              40.624606
            ],
            [
              -89.361023,
              40.623885
            ],
            [
              -89.367023,
              40.624622
            ],
            [
              -89.384183,
              40.624909
            ],
            [
              -89.383023,
              40.627427
            ],
            [
              -89.37399,
              40.627875
            ],
            [
              -89.368817,
              40.628909
            ],
            [
              -89.37399,
              40.629943
            ],
            [
              -89.383023,
              40.630391
            ],
            [
              -89.383651,
              40.631537
            ],
            [
              -89.383079,
              40.632909
            ],
            [
              -89.385023,
              40.633913
            ],
            [
              -89.387023,
              40.630486
            ],
            [
              -89.389288,
              40.630645
            ],
            [
              -89.391023,
              40.632467
            ],
            [
              -89.393023,
              40.630568
            ],
            [
              -89.401023,
              40.630643
            ],
            [
              -89.401023,
              40.641244
            ],
            [
              -89.387023,
              40.64157
            ],
            [
              -89.385023,
              40.64367
            ],
            [
              -89.381023,
              40.643999
            ],
            [
              -89.379023,
              40.642629
            ],
            [
              -89.376938,
              40.644909
            ],
            [
              -89.387023,
              40.646217
            ],
            [
              -89.389023,
              40.644325
            ],
            [
              -89.401023,
              40.644574
            ],
            [
              -89.401394,
              40.652909
            ],
            [
              -89.401764,
              40.654168
            ],
            [
              -89.403409,
              40.654909
            ],
            [
              -89.401498,
              40.656909
            ],
            [
              -89.403315,
              40.659201
            ],
            [
              -89.382086,
              40.659971
            ],
            [
              -89.375296,
              40.660909
            ],
            [
              -89.383974,
              40.661958
            ],
            [
              -89.40533,
              40.662602
            ],
            [
              -89.405023,
              40.665465
            ],
            [
              -89.383746,
              40.666909
            ],
            [
              -89.385023,
              40.667754
            ],
            [
              -89.397023,
              40.668134
            ],
            [
              -89.399023,
              40.670167
            ],
            [
              -89.401023,
              40.67018
            ],
            [
              -89.403023,
              40.668312
            ],
            [
              -89.405385,
              40.668548
            ],
            [
              -89.405023,
              40.673624
            ],
            [
              -89.39057,
              40.674909
            ],
            [
              -89.405491,
              40.676441
            ],
            [
              -89.406385,
              40.688909
            ],
            [
              -89.405271,
              40.690909
            ],
            [
              -89.406447,
              40.691486
            ],
            [
              -89.407023,
              40.693381
            ],
            [
              -89.407628,
              40.691514
            ],
            [
              -89.409414,
              40.690909
            ],
            [
              -89.407835,
              40.690097
            ],
            [
              -89.407662,
              40.688909
            ],
            [
              -89.408651,
              40.668537
            ],
            [
              -89.42003,
              40.666909
            ],
            [
              -89.409023,
              40.665521
            ],
            [
              -89.408698,
              40.662584
            ],
            [
              -89.422992,
              40.660909
            ],
            [
              -89.411023,
              40.659501
            ],
            [
              -89.409023,
              40.657514
            ],
            [
              -89.406729,
              40.659204
            ],
            [
              -89.406753,
              40.652638
            ],
            [
              -89.411023,
              40.652024
            ],
            [
              -89.412138,
              40.650909
            ],
            [
              -89.411023,
              40.648166
            ],
            [
              -89.409586,
              40.649471
            ],
            [
              -89.404784,
              40.649149
            ],
            [
              -89.405023,
              40.644587
            ],
            [
              -89.415397,
              40.644536
            ],
            [
              -89.416339,
              40.649593
            ],
            [
              -89.421023,
              40.649683
            ],
            [
              -89.422479,
              40.653453
            ],
            [
              -89.425023,
              40.653897
            ],
            [
              -89.426597,
              40.650483
            ],
            [
              -89.429023,
              40.650197
            ],
            [
              -89.430676,
              40.648561
            ],
            [
              -89.432246,
              40.648132
            ],
            [
              -89.432807,
              40.644693
            ],
            [
              -89.439193,
              40.644739
            ],
            [
              -89.437642,
              40.645528
            ],
            [
              -89.437333,
              40.646909
            ],
            [
              -89.437642,
              40.64829
            ],
            [
              -89.439325,
              40.648909
            ],
            [
              -89.439281,
              40.651166
            ],
            [
              -89.437517,
              40.652909
            ],
            [
              -89.437493,
              40.654909
            ],
            [
              -89.439349,
              40.657235
            ],
            [
              -89.431023,
              40.65777
            ],
            [
              -89.429023,
              40.659656
            ],
            [
              -89.427023,
              40.657851
            ],
            [
              -89.425667,
              40.659552
            ],
            [
              -89.423039,
              40.660909
            ],
            [
              -89.425023,
              40.663884
            ],
            [
              -89.427023,
              40.662034
            ],
            [
              -89.459214,
              40.662719
            ],
            [
              -89.457023,
              40.66529
            ],
            [
              -89.441023,
              40.66546
            ],
            [
              -89.435711,
              40.666909
            ],
            [
              -89.439023,
              40.667737
            ],
            [
              -89.440458,
              40.669474
            ],
            [
              -89.443023,
              40.670026
            ],
            [
              -89.445023,
              40.668218
            ],
            [
              -89.459255,
              40.668677
            ],
            [
              -89.459023,
              40.669352
            ],
            [
              -89.455023,
              40.669518
            ],
            [
              -89.453023,
              40.671463
            ],
            [
              -89.450107,
              40.671992
            ],
            [
              -89.450107,
              40.673826
            ],
            [
              -89.453746,
              40.676909
            ],
            [
              -89.451729,
              40.678909
            ],
            [
              -89.452371,
              40.681562
            ],
            [
              -89.455023,
              40.682717
            ],
            [
              -89.457023,
              40.680383
            ],
            [
              -89.459023,
              40.682006
            ],
            [
              -89.461023,
              40.682286
            ],
            [
              -89.462272,
              40.68366
            ],
            [
              -89.467445,
              40.684488
            ],
            [
              -89.468145,
              40.685787
            ],
            [
              -89.470704,
              40.687228
            ],
            [
              -89.472402,
              40.690909
            ],
            [
              -89.47236,
              40.694246
            ],
            [
              -89.470813,
              40.694909
            ],
            [
              -89.470723,
              40.696909
            ],
            [
              -89.472725,
              40.69661
            ],
            [
              -89.475023,
              40.697971
            ],
            [
              -89.476908,
              40.694909
            ],
            [
              -89.475594,
              40.688909
            ],
            [
              -89.477396,
              40.686537
            ],
            [
              -89.474466,
              40.685466
            ],
            [
              -89.471955,
              40.681978
            ],
            [
              -89.468613,
              40.681319
            ],
            [
              -89.469528,
              40.678404
            ],
            [
              -89.46272,
              40.677212
            ],
            [
              -89.462739,
              40.672625
            ],
            [
              -89.464743,
              40.670629
            ],
            [
              -89.469023,
              40.670241
            ],
            [
              -89.471023,
              40.668458
            ],
            [
              -89.472083,
              40.671849
            ],
            [
              -89.472826,
              40.673107
            ],
            [
              -89.473433,
              40.672909
            ],
            [
              -89.474202,
              40.670909
            ],
            [
              -89.476382,
              40.668909
            ],
            [
              -89.475835,
              40.666097
            ],
            [
              -89.473023,
              40.665439
            ],
            [
              -89.473023,
              40.664489
            ],
            [
              -89.481023,
              40.664282
            ],
            [
              -89.483023,
              40.666076
            ],
            [
              -89.485683,
              40.665568
            ],
            [
              -89.487023,
              40.663918
            ],
            [
              -89.489023,
              40.665378
            ],
            [
              -89.491853,
              40.664909
            ],
            [
              -89.488438,
              40.661494
            ],
            [
              -89.483023,
              40.661633
            ],
            [
              -89.481023,
              40.660145
            ],
            [
              -89.479023,
              40.659837
            ],
            [
              -89.476723,
              40.661209
            ],
            [
              -89.476443,
              40.652329
            ],
            [
              -89.47757,
              40.650909
            ],
            [
              -89.480114,
              40.649999
            ],
            [
              -89.480569,
              40.648909
            ],
            [
              -89.480184,
              40.645748
            ],
            [
              -89.478851,
              40.644737
            ],
            [
              -89.483217,
              40.644716
            ],
            [
              -89.483678,
              40.646254
            ],
            [
              -89.485386,
              40.646909
            ],
            [
              -89.485822,
              40.65011
            ],
            [
              -89.489468,
              40.650464
            ],
            [
              -89.491023,
              40.654783
            ],
            [
              -89.493023,
              40.65385
            ],
            [
              -89.495058,
              40.654875
            ],
            [
              -89.495309,
              40.656909
            ],
            [
              -89.499392,
              40.659278
            ],
            [
              -89.501023,
              40.658909
            ],
            [
              -89.498345,
              40.655587
            ],
            [
              -89.49838,
              40.650909
            ],
            [
              -89.496529,
              40.648909
            ],
            [
              -89.497023,
              40.646618
            ],
            [
              -89.497604,
              40.648329
            ],
            [
              -89.499235,
              40.648698
            ],
            [
              -89.499709,
              40.650224
            ],
            [
              -89.505218,
              40.650714
            ],
            [
              -89.505023,
              40.651251
            ],
            [
              -89.49981,
              40.651696
            ],
            [
              -89.499417,
              40.652909
            ],
            [
              -89.49981,
              40.654122
            ],
            [
              -89.503631,
              40.654909
            ],
            [
              -89.504111,
              40.657822
            ],
            [
              -89.505023,
              40.658224
            ],
            [
              -89.507023,
              40.656419
            ],
            [
              -89.511456,
              40.656909
            ],
            [
              -89.508085,
              40.657971
            ],
            [
              -89.507023,
              40.660183
            ],
            [
              -89.502624,
              40.66051
            ],
            [
              -89.505737,
              40.662195
            ],
            [
              -89.506681,
              40.664909
            ],
            [
              -89.504177,
              40.666909
            ],
            [
              -89.506371,
              40.668909
            ],
            [
              -89.506349,
              40.670235
            ],
            [
              -89.505129,
              40.670909
            ],
            [
              -89.507226,
              40.671112
            ],
            [
              -89.507676,
              40.668909
            ],
            [
              -89.509023,
              40.667799
            ],
            [
              -89.517561,
              40.668372
            ],
            [
              -89.522269,
              40.673663
            ],
            [
              -89.525023,
              40.673965
            ],
            [
              -89.52609,
              40.674909
            ],
            [
              -89.525023,
              40.676606
            ],
            [
              -89.522821,
              40.676707
            ],
            [
              -89.521999,
              40.679884
            ],
            [
              -89.517773,
              40.680909
            ],
            [
              -89.523023,
              40.681435
            ],
            [
              -89.524132,
              40.680018
            ],
            [
              -89.525887,
              40.680046
            ],
            [
              -89.526703,
              40.680909
            ],
            [
              -89.527023,
              40.685112
            ],
            [
              -89.529923,
              40.683808
            ],
            [
              -89.530362,
              40.678247
            ],
            [
              -89.532445,
              40.678909
            ],
            [
              -89.533061,
              40.680946
            ],
            [
              -89.531623,
              40.684309
            ],
            [
              -89.532171,
              40.686909
            ],
            [
              -89.529877,
              40.688909
            ],
            [
              -89.531023,
              40.694051
            ],
            [
              -89.533023,
              40.693648
            ],
            [
              -89.533644,
              40.690909
            ],
            [
              -89.535023,
              40.68983
            ],
            [
              -89.537711,
              40.692221
            ],
            [
              -89.5376,
              40.695485
            ],
            [
              -89.535378,
              40.696909
            ],
            [
              -89.535479,
              40.701364
            ],
            [
              -89.533023,
              40.703793
            ],
            [
              -89.531023,
              40.703945
            ],
            [
              -89.528738,
              40.702623
            ],
            [
              -89.526171,
              40.704057
            ],
            [
              -89.521152,
              40.704909
            ],
            [
              -89.524604,
              40.705329
            ],
            [
              -89.525023,
              40.706194
            ],
            [
              -89.531023,
              40.705873
            ],
            [
              -89.531947,
              40.706909
            ],
            [
              -89.529816,
              40.711701
            ],
            [
              -89.52498,
              40.712865
            ],
            [
              -89.525186,
              40.714746
            ],
            [
              -89.526871,
              40.715062
            ],
            [
              -89.527023,
              40.720046
            ],
            [
              -89.527807,
              40.717692
            ],
            [
              -89.52936,
              40.717245
            ],
            [
              -89.53016,
              40.714045
            ],
            [
              -89.533791,
              40.711676
            ],
            [
              -89.53437,
              40.710255
            ],
            [
              -89.537356,
              40.708909
            ],
            [
              -89.536145,
              40.706909
            ],
            [
              -89.537624,
              40.70551
            ],
            [
              -89.538593,
              40.702478
            ],
            [
              -89.539896,
              40.701782
            ],
            [
              -89.54058,
              40.698465
            ],
            [
              -89.543733,
              40.697618
            ],
            [
              -89.5458,
              40.695685
            ],
            [
              -89.548168,
              40.692053
            ],
            [
              -89.548679,
              40.688565
            ],
            [
              -89.551396,
              40.686909
            ],
            [
              -89.555827,
              40.685712
            ],
            [
              -89.55673,
              40.682616
            ],
            [
              -89.559801,
              40.681686
            ],
            [
              -89.560694,
              40.68058
            ],
            [
              -89.566118,
              40.680004
            ],
            [
              -89.566776,
              40.676662
            ],
            [
              -89.573023,
              40.676522
            ],
            [
              -89.574098,
              40.677834
            ],
            [
              -89.577248,
              40.678684
            ],
            [
              -89.577661,
              40.680271
            ],
            [
              -89.579169,
              40.680763
            ],
            [
              -89.579883,
              40.684049
            ],
            [
              -89.581253,
              40.684909
            ],
            [
              -89.581724,
              40.690909
            ],
            [
              -89.575455,
              40.697341
            ],
            [
              -89.573023,
              40.697715
            ],
            [
              -89.571545,
              40.699431
            ],
            [
              -89.568742,
              40.700627
            ],
            [
              -89.568833,
              40.702909
            ],
            [
              -89.567891,
              40.703776
            ],
            [
              -89.563,
              40.704886
            ],
            [
              -89.564528,
              40.705404
            ],
            [
              -89.564374,
              40.70826
            ],
            [
              -89.562653,
              40.708909
            ],
            [
              -89.562813,
              40.712699
            ],
            [
              -89.561386,
              40.712909
            ],
            [
              -89.563228,
              40.713114
            ],
            [
              -89.567023,
              40.709262
            ],
            [
              -89.571023,
              40.710802
            ],
            [
              -89.571451,
              40.708909
            ],
            [
              -89.573023,
              40.707624
            ],
            [
              -89.578728,
              40.709204
            ],
            [
              -89.580219,
              40.708105
            ],
            [
              -89.581889,
              40.708043
            ],
            [
              -89.585023,
              40.709474
            ],
            [
              -89.589023,
              40.708093
            ],
            [
              -89.590339,
              40.708909
            ],
            [
              -89.590209,
              40.710909
            ],
            [
              -89.593023,
              40.713583
            ],
            [
              -89.597176,
              40.710909
            ],
            [
              -89.598005,
              40.708909
            ],
            [
              -89.597023,
              40.706908
            ],
            [
              -89.599082,
              40.706851
            ],
            [
              -89.599534,
              40.708398
            ],
            [
              -89.609293,
              40.708639
            ],
            [
              -89.60894,
              40.710909
            ],
            [
              -89.613023,
              40.714389
            ],
            [
              -89.61539,
              40.711276
            ],
            [
              -89.619023,
              40.710634
            ],
            [
              -89.620457,
              40.712909
            ],
            [
              -89.619464,
              40.718909
            ],
            [
              -89.620718,
              40.720909
            ],
            [
              -89.620559,
              40.722445
            ],
            [
              -89.61887,
              40.722909
            ],
            [
              -89.619023,
              40.727986
            ]
          ]
        ]
      }
    },
    {
      "type": "Feature",
      "properties": {
        "contour_minutes": 20,
        "source_id": "VALHALLA_20260730",
        "source": "Valhalla isochrone response",
        "profile": "auto",
        "captured_at": "2026-07-30",
        "public_origin": {
          "latitude": 40.6049094,
          "longitude": -89.467024,
          "address": "605 S Main St, Morton, IL 61550",
          "source_id": "GOOGLE_MAPS_SAMPLE_20260730"
        },
        "limitation": "Modeled drive time with no live traffic.",
        "geometry_repair": "none_required"
      },
      "geometry": {
        "type": "Polygon",
        "coordinates": [
          [
            [
              -89.513023,
              40.76535
            ],
            [
              -89.514021,
              40.756909
            ],
            [
              -89.515611,
              40.754909
            ],
            [
              -89.514221,
              40.752909
            ],
            [
              -89.515827,
              40.750909
            ],
            [
              -89.51435,
              40.748909
            ],
            [
              -89.515023,
              40.748168
            ],
            [
              -89.517779,
              40.747665
            ],
            [
              -89.518157,
              40.746909
            ],
            [
              -89.516535,
              40.745398
            ],
            [
              -89.516645,
              40.74253
            ],
            [
              -89.519404,
              40.742528
            ],
            [
              -89.520111,
              40.745821
            ],
            [
              -89.521668,
              40.746909
            ],
            [
              -89.522296,
              40.760909
            ],
            [
              -89.520995,
              40.762909
            ],
            [
              -89.523023,
              40.766411
            ],
            [
              -89.523832,
              40.763718
            ],
            [
              -89.526483,
              40.762909
            ],
            [
              -89.525023,
              40.76265
            ],
            [
              -89.52375,
              40.760909
            ],
            [
              -89.524206,
              40.752909
            ],
            [
              -89.526198,
              40.750909
            ],
            [
              -89.524332,
              40.748909
            ],
            [
              -89.525023,
              40.748148
            ],
            [
              -89.532357,
              40.746909
            ],
            [
              -89.527023,
              40.745894
            ],
            [
              -89.524638,
              40.742524
            ],
            [
              -89.535341,
              40.740909
            ],
            [
              -89.527023,
              40.739617
            ],
            [
              -89.525945,
              40.737988
            ],
            [
              -89.522548,
              40.736909
            ],
            [
              -89.522723,
              40.734609
            ],
            [
              -89.525023,
              40.734359
            ],
            [
              -89.526474,
              40.732909
            ],
            [
              -89.52599,
              40.731942
            ],
            [
              -89.522622,
              40.730909
            ],
            [
              -89.522768,
              40.728654
            ],
            [
              -89.524273,
              40.728159
            ],
            [
              -89.525023,
              40.726522
            ],
            [
              -89.529327,
              40.726606
            ],
            [
              -89.530106,
              40.733826
            ],
            [
              -89.533023,
              40.734249
            ],
            [
              -89.534363,
              40.732909
            ],
            [
              -89.532458,
              40.730909
            ],
            [
              -89.532538,
              40.726909
            ],
            [
              -89.537023,
              40.725715
            ],
            [
              -89.537829,
              40.724909
            ],
            [
              -89.536099,
              40.723833
            ],
            [
              -89.530731,
              40.723202
            ],
            [
              -89.53259,
              40.720909
            ],
            [
              -89.532157,
              40.719776
            ],
            [
              -89.530752,
              40.71918
            ],
            [
              -89.531023,
              40.718506
            ],
            [
              -89.537023,
              40.718429
            ],
            [
              -89.539023,
              40.72041
            ],
            [
              -89.543023,
              40.720386
            ],
            [
              -89.545023,
              40.72236
            ],
            [
              -89.549371,
              40.722562
            ],
            [
              -89.54961,
              40.736909
            ],
            [
              -89.551426,
              40.738506
            ],
            [
              -89.551683,
              40.740909
            ],
            [
              -89.553724,
              40.742909
            ],
            [
              -89.554195,
              40.745738
            ],
            [
              -89.555548,
              40.746384
            ],
            [
              -89.556358,
              40.749574
            ],
            [
              -89.557994,
              40.750909
            ],
            [
              -89.558823,
              40.755109
            ],
            [
              -89.563995,
              40.757938
            ],
            [
              -89.565023,
              40.759945
            ],
            [
              -89.567023,
              40.761135
            ],
            [
              -89.566228,
              40.754909
            ],
            [
              -89.563998,
              40.751935
            ],
            [
              -89.561961,
              40.745971
            ],
            [
              -89.561023,
              40.744915
            ],
            [
              -89.559023,
              40.745872
            ],
            [
              -89.558174,
              40.744909
            ],
            [
              -89.557908,
              40.742909
            ],
            [
              -89.559023,
              40.741567
            ],
            [
              -89.559977,
              40.741956
            ],
            [
              -89.561023,
              40.744899
            ],
            [
              -89.562324,
              40.745609
            ],
            [
              -89.56333,
              40.744909
            ],
            [
              -89.56337,
              40.743256
            ],
            [
              -89.561684,
              40.740249
            ],
            [
              -89.560192,
              40.73974
            ],
            [
              -89.558354,
              40.737579
            ],
            [
              -89.558282,
              40.736168
            ],
            [
              -89.561023,
              40.735262
            ],
            [
              -89.562383,
              40.736909
            ],
            [
              -89.562613,
              40.739319
            ],
            [
              -89.56587,
              40.738909
            ],
            [
              -89.56402,
              40.737912
            ],
            [
              -89.563788,
              40.736909
            ],
            [
              -89.564484,
              40.73437
            ],
            [
              -89.565709,
              40.733594
            ],
            [
              -89.566032,
              40.730909
            ],
            [
              -89.567023,
              40.730271
            ],
            [
              -89.567836,
              40.732909
            ],
            [
              -89.567216,
              40.734909
            ],
            [
              -89.568407,
              40.737526
            ],
            [
              -89.57223,
              40.739702
            ],
            [
              -89.575023,
              40.742523
            ],
            [
              -89.577359,
              40.736909
            ],
            [
              -89.579287,
              40.735173
            ],
            [
              -89.589329,
              40.732909
            ],
            [
              -89.587073,
              40.730859
            ],
            [
              -89.578954,
              40.728909
            ],
            [
              -89.578749,
              40.726909
            ],
            [
              -89.583023,
              40.724513
            ],
            [
              -89.586254,
              40.727678
            ],
            [
              -89.591357,
              40.728575
            ],
            [
              -89.590368,
              40.731564
            ],
            [
              -89.591528,
              40.732909
            ],
            [
              -89.595023,
              40.734437
            ],
            [
              -89.600326,
              40.734909
            ],
            [
              -89.600679,
              40.736909
            ],
            [
              -89.603023,
              40.739117
            ],
            [
              -89.605023,
              40.736242
            ],
            [
              -89.606572,
              40.736909
            ],
            [
              -89.607211,
              40.738721
            ],
            [
              -89.610863,
              40.741069
            ],
            [
              -89.613023,
              40.743634
            ],
            [
              -89.615023,
              40.740012
            ],
            [
              -89.621023,
              40.739886
            ],
            [
              -89.622045,
              40.741887
            ],
            [
              -89.623737,
              40.742909
            ],
            [
              -89.623561,
              40.744909
            ],
            [
              -89.621023,
              40.745593
            ],
            [
              -89.619023,
              40.744845
            ],
            [
              -89.617023,
              40.746361
            ],
            [
              -89.614298,
              40.746909
            ],
            [
              -89.619023,
              40.747867
            ],
            [
              -89.623023,
              40.750175
            ],
            [
              -89.630026,
              40.751906
            ],
            [
              -89.631296,
              40.752909
            ],
            [
              -89.631899,
              40.754909
            ],
            [
              -89.635824,
              40.756108
            ],
            [
              -89.636324,
              40.759609
            ],
            [
              -89.637474,
              40.760909
            ],
            [
              -89.639955,
              40.760909
            ],
            [
              -89.638428,
              40.754313
            ],
            [
              -89.641654,
              40.752909
            ],
            [
              -89.636802,
              40.749131
            ],
            [
              -89.636182,
              40.746909
            ],
            [
              -89.639023,
              40.743759
            ],
            [
              -89.639451,
              40.741337
            ],
            [
              -89.649023,
              40.74037
            ],
            [
              -89.650184,
              40.741748
            ],
            [
              -89.653023,
              40.742385
            ],
            [
              -89.655023,
              40.741371
            ],
            [
              -89.663023,
              40.741435
            ],
            [
              -89.66608,
              40.743853
            ],
            [
              -89.666775,
              40.747157
            ],
            [
              -89.670201,
              40.750909
            ],
            [
              -89.671023,
              40.761713
            ],
            [
              -89.671255,
              40.748909
            ],
            [
              -89.669562,
              40.744909
            ],
            [
              -89.671023,
              40.743473
            ],
            [
              -89.672622,
              40.745311
            ],
            [
              -89.675023,
              40.746169
            ],
            [
              -89.679023,
              40.746118
            ],
            [
              -89.680611,
              40.747321
            ],
            [
              -89.684549,
              40.747383
            ],
            [
              -89.685984,
              40.748909
            ],
            [
              -89.688568,
              40.749364
            ],
            [
              -89.691023,
              40.751806
            ],
            [
              -89.695023,
              40.751727
            ],
            [
              -89.697023,
              40.753609
            ],
            [
              -89.699993,
              40.75394
            ],
            [
              -89.701023,
              40.755364
            ],
            [
              -89.706816,
              40.755116
            ],
            [
              -89.706932,
              40.756818
            ],
            [
              -89.707023,
              40.756946
            ],
            [
              -89.707648,
              40.756909
            ],
            [
              -89.707031,
              40.756901
            ],
            [
              -89.707023,
              40.754814
            ],
            [
              -89.70121,
              40.754723
            ],
            [
              -89.701023,
              40.752384
            ],
            [
              -89.699023,
              40.752262
            ],
            [
              -89.697023,
              40.750183
            ],
            [
              -89.691466,
              40.750466
            ],
            [
              -89.691023,
              40.74796
            ],
            [
              -89.689023,
              40.748597
            ],
            [
              -89.687689,
              40.748243
            ],
            [
              -89.687255,
              40.746678
            ],
            [
              -89.685023,
              40.745811
            ],
            [
              -89.683023,
              40.746598
            ],
            [
              -89.681669,
              40.746264
            ],
            [
              -89.681023,
              40.74454
            ],
            [
              -89.675678,
              40.744254
            ],
            [
              -89.675023,
              40.742277
            ],
            [
              -89.671753,
              40.742179
            ],
            [
              -89.671352,
              40.739237
            ],
            [
              -89.672301,
              40.734909
            ],
            [
              -89.674594,
              40.730479
            ],
            [
              -89.675937,
              40.729822
            ],
            [
              -89.676627,
              40.726513
            ],
            [
              -89.678438,
              40.724909
            ],
            [
              -89.678149,
              40.696909
            ],
            [
              -89.679023,
              40.696354
            ],
            [
              -89.690616,
              40.696502
            ],
            [
              -89.693023,
              40.695853
            ],
            [
              -89.694444,
              40.696909
            ],
            [
              -89.694368,
              40.698253
            ],
            [
              -89.69299,
              40.698909
            ],
            [
              -89.695309,
              40.699195
            ],
            [
              -89.696097,
              40.698909
            ],
            [
              -89.695512,
              40.69242
            ],
            [
              -89.694323,
              40.690909
            ],
            [
              -89.701023,
              40.689376
            ],
            [
              -89.705023,
              40.690742
            ],
            [
              -89.705023,
              40.688811
            ],
            [
              -89.697633,
              40.6883
            ],
            [
              -89.69516,
              40.686909
            ],
            [
              -89.69561,
              40.684322
            ],
            [
              -89.692484,
              40.683449
            ],
            [
              -89.692347,
              40.680909
            ],
            [
              -89.690629,
              40.678515
            ],
            [
              -89.693023,
              40.676357
            ],
            [
              -89.703023,
              40.676169
            ],
            [
              -89.705023,
              40.677077
            ],
            [
              -89.709023,
              40.67598
            ],
            [
              -89.711023,
              40.677443
            ],
            [
              -89.716652,
              40.676909
            ],
            [
              -89.713398,
              40.676534
            ],
            [
              -89.713126,
              40.674806
            ],
            [
              -89.709023,
              40.673817
            ],
            [
              -89.707023,
              40.671931
            ],
            [
              -89.703023,
              40.673707
            ],
            [
              -89.701023,
              40.673602
            ],
            [
              -89.700082,
              40.670909
            ],
            [
              -89.699274,
              40.670658
            ],
            [
              -89.697465,
              40.673351
            ],
            [
              -89.692616,
              40.673316
            ],
            [
              -89.692635,
              40.67052
            ],
            [
              -89.695671,
              40.669556
            ],
            [
              -89.696263,
              40.666909
            ],
            [
              -89.694162,
              40.66577
            ],
            [
              -89.690543,
              40.665389
            ],
            [
              -89.689023,
              40.663771
            ],
            [
              -89.686214,
              40.6641
            ],
            [
              -89.685023,
              40.667699
            ],
            [
              -89.68053,
              40.667402
            ],
            [
              -89.684464,
              40.662909
            ],
            [
              -89.684225,
              40.660909
            ],
            [
              -89.68254,
              40.658909
            ],
            [
              -89.68266,
              40.656546
            ],
            [
              -89.687816,
              40.655702
            ],
            [
              -89.689031,
              40.654917
            ],
            [
              -89.689094,
              40.652909
            ],
            [
              -89.690533,
              40.650419
            ],
            [
              -89.695023,
              40.649324
            ],
            [
              -89.69635,
              40.649582
            ],
            [
              -89.699023,
              40.655196
            ],
            [
              -89.699668,
              40.650909
            ],
            [
              -89.697023,
              40.648117
            ],
            [
              -89.689023,
              40.647731
            ],
            [
              -89.685482,
              40.651368
            ],
            [
              -89.684559,
              40.651373
            ],
            [
              -89.682564,
              40.649368
            ],
            [
              -89.682315,
              40.646909
            ],
            [
              -89.684868,
              40.644909
            ],
            [
              -89.682447,
              40.643485
            ],
            [
              -89.682302,
              40.642187
            ],
            [
              -89.68427,
              40.640155
            ],
            [
              -89.688364,
              40.638909
            ],
            [
              -89.68835,
              40.637582
            ],
            [
              -89.687023,
              40.636826
            ],
            [
              -89.685023,
              40.636983
            ],
            [
              -89.683023,
              40.638228
            ],
            [
              -89.682246,
              40.637686
            ],
            [
              -89.681023,
              40.630936
            ],
            [
              -89.680119,
              40.634004
            ],
            [
              -89.678012,
              40.635897
            ],
            [
              -89.676307,
              40.635626
            ],
            [
              -89.675023,
              40.633356
            ],
            [
              -89.673023,
              40.634141
            ],
            [
              -89.672092,
              40.632909
            ],
            [
              -89.673342,
              40.630909
            ],
            [
              -89.673023,
              40.627047
            ],
            [
              -89.671764,
              40.626168
            ],
            [
              -89.671023,
              40.623845
            ],
            [
              -89.670101,
              40.630909
            ],
            [
              -89.669023,
              40.632105
            ],
            [
              -89.667023,
              40.632008
            ],
            [
              -89.665023,
              40.633742
            ],
            [
              -89.663023,
              40.630037
            ],
            [
              -89.661636,
              40.631521
            ],
            [
              -89.656076,
              40.633962
            ],
            [
              -89.65537,
              40.635256
            ],
            [
              -89.654435,
              40.634909
            ],
            [
              -89.654526,
              40.630909
            ],
            [
              -89.656444,
              40.628909
            ],
            [
              -89.656416,
              40.622909
            ],
            [
              -89.658368,
              40.620909
            ],
            [
              -89.658523,
              40.618408
            ],
            [
              -89.661164,
              40.616909
            ],
            [
              -89.660226,
              40.614909
            ],
            [
              -89.660421,
              40.612306
            ],
            [
              -89.663454,
              40.609339
            ],
            [
              -89.664116,
              40.606002
            ],
            [
              -89.666096,
              40.604909
            ],
            [
              -89.667308,
              40.603193
            ],
            [
              -89.66736,
              40.601246
            ],
            [
              -89.669023,
              40.600945
            ],
            [
              -89.669023,
              40.600171
            ],
            [
              -89.668967,
              40.600853
            ],
            [
              -89.666947,
              40.600832
            ],
            [
              -89.666443,
              40.602328
            ],
            [
              -89.664799,
              40.602685
            ],
            [
              -89.660431,
              40.606317
            ],
            [
              -89.660036,
              40.608909
            ],
            [
              -89.657934,
              40.610909
            ],
            [
              -89.657561,
              40.613447
            ],
            [
              -89.655023,
              40.615736
            ],
            [
              -89.65397,
              40.614909
            ],
            [
              -89.653166,
              40.610766
            ],
            [
              -89.650795,
              40.610681
            ],
            [
              -89.650312,
              40.612909
            ],
            [
              -89.651823,
              40.61411
            ],
            [
              -89.652334,
              40.617599
            ],
            [
              -89.655023,
              40.618082
            ],
            [
              -89.65571,
              40.618909
            ],
            [
              -89.65412,
              40.620006
            ],
            [
              -89.653606,
              40.624909
            ],
            [
              -89.65157,
              40.626909
            ],
            [
              -89.651521,
              40.630909
            ],
            [
              -89.649499,
              40.632909
            ],
            [
              -89.649324,
              40.63721
            ],
            [
              -89.647023,
              40.637586
            ],
            [
              -89.6457,
              40.638909
            ],
            [
              -89.649284,
              40.64317
            ],
            [
              -89.646591,
              40.643342
            ],
            [
              -89.645023,
              40.641829
            ],
            [
              -89.640753,
              40.644909
            ],
            [
              -89.645571,
              40.648362
            ],
            [
              -89.643023,
              40.65196
            ],
            [
              -89.638647,
              40.649285
            ],
            [
              -89.636805,
              40.646909
            ],
            [
              -89.636054,
              40.643878
            ],
            [
              -89.634848,
              40.643085
            ],
            [
              -89.634595,
              40.641337
            ],
            [
              -89.632882,
              40.64105
            ],
            [
              -89.632602,
              40.63933
            ],
            [
              -89.630884,
              40.639048
            ],
            [
              -89.630609,
              40.637324
            ],
            [
              -89.628448,
              40.636909
            ],
            [
              -89.626725,
              40.635207
            ],
            [
              -89.62489,
              40.635042
            ],
            [
              -89.624809,
              40.632694
            ],
            [
              -89.626369,
              40.632254
            ],
            [
              -89.626767,
              40.630653
            ],
            [
              -89.628569,
              40.628909
            ],
            [
              -89.627023,
              40.627364
            ],
            [
              -89.622797,
              40.626909
            ],
            [
              -89.626548,
              40.626434
            ],
            [
              -89.626793,
              40.622909
            ],
            [
              -89.628541,
              40.622426
            ],
            [
              -89.628865,
              40.618751
            ],
            [
              -89.630543,
              40.618428
            ],
            [
              -89.630861,
              40.616747
            ],
            [
              -89.63253,
              40.616415
            ],
            [
              -89.632856,
              40.614742
            ],
            [
              -89.634512,
              40.614398
            ],
            [
              -89.634851,
              40.612737
            ],
            [
              -89.636498,
              40.612384
            ],
            [
              -89.636844,
              40.608729
            ],
            [
              -89.638471,
              40.608357
            ],
            [
              -89.638738,
              40.602909
            ],
            [
              -89.640435,
              40.60232
            ],
            [
              -89.640818,
              40.598703
            ],
            [
              -89.642391,
              40.598276
            ],
            [
              -89.642696,
              40.592909
            ],
            [
              -89.644277,
              40.592163
            ],
            [
              -89.644735,
              40.58862
            ],
            [
              -89.646022,
              40.587908
            ],
            [
              -89.646504,
              40.584909
            ],
            [
              -89.648552,
              40.582909
            ],
            [
              -89.648647,
              40.578533
            ],
            [
              -89.651023,
              40.576143
            ],
            [
              -89.655023,
              40.57577
            ],
            [
              -89.657573,
              40.576359
            ],
            [
              -89.661023,
              40.579587
            ],
            [
              -89.664263,
              40.579669
            ],
            [
              -89.665395,
              40.58128
            ],
            [
              -89.667048,
              40.580933
            ],
            [
              -89.665474,
              40.580458
            ],
            [
              -89.665228,
              40.578704
            ],
            [
              -89.662165,
              40.577767
            ],
            [
              -89.659509,
              40.574424
            ],
            [
              -89.656341,
              40.573591
            ],
            [
              -89.65417,
              40.570909
            ],
            [
              -89.659369,
              40.565254
            ],
            [
              -89.65952,
              40.563406
            ],
            [
              -89.660735,
              40.562909
            ],
            [
              -89.658887,
              40.562772
            ],
            [
              -89.658418,
              40.564304
            ],
            [
              -89.655932,
              40.564
            ],
            [
              -89.65558,
              40.561465
            ],
            [
              -89.657104,
              40.560989
            ],
            [
              -89.657023,
              40.559128
            ],
            [
              -89.649023,
              40.563519
            ],
            [
              -89.645528,
              40.563413
            ],
            [
              -89.643023,
              40.564814
            ],
            [
              -89.641023,
              40.562899
            ],
            [
              -89.639023,
              40.563994
            ],
            [
              -89.637023,
              40.564009
            ],
            [
              -89.636141,
              40.566026
            ],
            [
              -89.635023,
              40.566338
            ],
            [
              -89.631023,
              40.564041
            ],
            [
              -89.624525,
              40.563408
            ],
            [
              -89.624429,
              40.562314
            ],
            [
              -89.627352,
              40.560909
            ],
            [
              -89.625072,
              40.558861
            ],
            [
              -89.623023,
              40.559069
            ],
            [
              -89.621023,
              40.557977
            ],
            [
              -89.618351,
              40.555581
            ],
            [
              -89.617962,
              40.550909
            ],
            [
              -89.616117,
              40.548909
            ],
            [
              -89.617023,
              40.547491
            ],
            [
              -89.620197,
              40.546909
            ],
            [
              -89.621023,
              40.543825
            ],
            [
              -89.619169,
              40.540764
            ],
            [
              -89.618532,
              40.542417
            ],
            [
              -89.617023,
              40.542761
            ],
            [
              -89.615023,
              40.542268
            ],
            [
              -89.613978,
              40.540909
            ],
            [
              -89.615023,
              40.53997
            ],
            [
              -89.617832,
              40.539717
            ],
            [
              -89.619023,
              40.53822
            ],
            [
              -89.621023,
              40.53931
            ],
            [
              -89.621177,
              40.537063
            ],
            [
              -89.616116,
              40.535816
            ],
            [
              -89.615324,
              40.534909
            ],
            [
              -89.619023,
              40.532025
            ],
            [
              -89.629023,
              40.531569
            ],
            [
              -89.630116,
              40.531816
            ],
            [
              -89.631023,
              40.533832
            ],
            [
              -89.631662,
              40.531548
            ],
            [
              -89.634493,
              40.530909
            ],
            [
              -89.631685,
              40.530248
            ],
            [
              -89.631023,
              40.528866
            ],
            [
              -89.629901,
              40.529786
            ],
            [
              -89.627023,
              40.529346
            ],
            [
              -89.625023,
              40.530034
            ],
            [
              -89.615023,
              40.529666
            ],
            [
              -89.613023,
              40.528443
            ],
            [
              -89.611593,
              40.529479
            ],
            [
              -89.608594,
              40.529338
            ],
            [
              -89.60843,
              40.526315
            ],
            [
              -89.610391,
              40.524909
            ],
            [
              -89.608211,
              40.521721
            ],
            [
              -89.607023,
              40.513343
            ],
            [
              -89.606415,
              40.516909
            ],
            [
              -89.604628,
              40.518909
            ],
            [
              -89.606059,
              40.520909
            ],
            [
              -89.605704,
              40.528909
            ],
            [
              -89.603403,
              40.531288
            ],
            [
              -89.60005,
              40.531935
            ],
            [
              -89.599023,
              40.535387
            ],
            [
              -89.594652,
              40.535281
            ],
            [
              -89.594163,
              40.528909
            ],
            [
              -89.5953,
              40.526909
            ],
            [
              -89.593023,
              40.524364
            ],
            [
              -89.591294,
              40.53718
            ],
            [
              -89.587023,
              40.533522
            ],
            [
              -89.584108,
              40.533994
            ],
            [
              -89.583023,
              40.537254
            ],
            [
              -89.582228,
              40.535705
            ],
            [
              -89.578783,
              40.535149
            ],
            [
              -89.578701,
              40.532586
            ],
            [
              -89.581023,
              40.532264
            ],
            [
              -89.582378,
              40.530909
            ],
            [
              -89.581927,
              40.530006
            ],
            [
              -89.578475,
              40.528909
            ],
            [
              -89.577658,
              40.522274
            ],
            [
              -89.573023,
              40.521153
            ],
            [
              -89.572646,
              40.523287
            ],
            [
              -89.575023,
              40.523861
            ],
            [
              -89.575815,
              40.524909
            ],
            [
              -89.575457,
              40.527343
            ],
            [
              -89.57383,
              40.528909
            ],
            [
              -89.575512,
              40.530909
            ],
            [
              -89.575244,
              40.537129
            ],
            [
              -89.569023,
              40.537206
            ],
            [
              -89.568377,
              40.535556
            ],
            [
              -89.567023,
              40.535232
            ],
            [
              -89.56567,
              40.535556
            ],
            [
              -89.565223,
              40.537109
            ],
            [
              -89.562828,
              40.537105
            ],
            [
              -89.562538,
              40.528909
            ],
            [
              -89.564411,
              40.526909
            ],
            [
              -89.561023,
              40.525436
            ],
            [
              -89.557023,
              40.525384
            ],
            [
              -89.555974,
              40.525859
            ],
            [
              -89.555292,
              40.529178
            ],
            [
              -89.551023,
              40.529413
            ],
            [
              -89.549527,
              40.530909
            ],
            [
              -89.551963,
              40.53397
            ],
            [
              -89.555277,
              40.534655
            ],
            [
              -89.553592,
              40.535478
            ],
            [
              -89.553201,
              40.537087
            ],
            [
              -89.550851,
              40.537082
            ],
            [
              -89.550369,
              40.533564
            ],
            [
              -89.549023,
              40.533236
            ],
            [
              -89.543677,
              40.533562
            ],
            [
              -89.542867,
              40.537065
            ],
            [
              -89.54267,
              40.526909
            ],
            [
              -89.54599,
              40.525876
            ],
            [
              -89.546473,
              40.524909
            ],
            [
              -89.546372,
              40.522909
            ],
            [
              -89.545023,
              40.52156
            ],
            [
              -89.542744,
              40.523188
            ],
            [
              -89.542727,
              40.518612
            ],
            [
              -89.549023,
              40.518162
            ],
            [
              -89.551023,
              40.519631
            ],
            [
              -89.553023,
              40.517832
            ],
            [
              -89.557296,
              40.516909
            ],
            [
              -89.5427,
              40.515233
            ],
            [
              -89.541023,
              40.503777
            ],
            [
              -89.539789,
              40.509675
            ],
            [
              -89.539417,
              40.518909
            ],
            [
              -89.532839,
              40.519093
            ],
            [
              -89.53269,
              40.508909
            ],
            [
              -89.534237,
              40.508123
            ],
            [
              -89.53463,
              40.506909
            ],
            [
              -89.534237,
              40.505695
            ],
            [
              -89.53266,
              40.504909
            ],
            [
              -89.532715,
              40.496601
            ],
            [
              -89.537482,
              40.49645
            ],
            [
              -89.538423,
              40.49951
            ],
            [
              -89.539881,
              40.500051
            ],
            [
              -89.541023,
              40.502086
            ],
            [
              -89.541731,
              40.498909
            ],
            [
              -89.540326,
              40.497607
            ],
            [
              -89.540509,
              40.496394
            ],
            [
              -89.548563,
              40.494909
            ],
            [
              -89.536655,
              40.493277
            ],
            [
              -89.536363,
              40.484909
            ],
            [
              -89.541023,
              40.480267
            ],
            [
              -89.553023,
              40.479909
            ],
            [
              -89.555023,
              40.481769
            ],
            [
              -89.563557,
              40.480909
            ],
            [
              -89.555023,
              40.47801
            ],
            [
              -89.548384,
              40.477549
            ],
            [
              -89.547521,
              40.476909
            ],
            [
              -89.549319,
              40.474909
            ],
            [
              -89.549023,
              40.473575
            ],
            [
              -89.548263,
              40.474148
            ],
            [
              -89.543023,
              40.473868
            ],
            [
              -89.541534,
              40.475419
            ],
            [
              -89.540617,
              40.475315
            ],
            [
              -89.539862,
              40.47007
            ],
            [
              -89.536415,
              40.467517
            ],
            [
              -89.535023,
              40.464909
            ],
            [
              -89.53219,
              40.463742
            ],
            [
              -89.531023,
              40.459592
            ],
            [
              -89.530614,
              40.466909
            ],
            [
              -89.533681,
              40.468252
            ],
            [
              -89.537518,
              40.472414
            ],
            [
              -89.537023,
              40.475439
            ],
            [
              -89.529023,
              40.475356
            ],
            [
              -89.527023,
              40.473549
            ],
            [
              -89.525023,
              40.475318
            ],
            [
              -89.519798,
              40.475684
            ],
            [
              -89.517023,
              40.479257
            ],
            [
              -89.512807,
              40.479126
            ],
            [
              -89.51275,
              40.476636
            ],
            [
              -89.515023,
              40.476365
            ],
            [
              -89.51648,
              40.474909
            ],
            [
              -89.516471,
              40.470357
            ],
            [
              -89.517758,
              40.470174
            ],
            [
              -89.519023,
              40.471469
            ],
            [
              -89.521069,
              40.470909
            ],
            [
              -89.519597,
              40.468336
            ],
            [
              -89.516104,
              40.465829
            ],
            [
              -89.515023,
              40.464081
            ],
            [
              -89.512365,
              40.463568
            ],
            [
              -89.511023,
              40.460506
            ],
            [
              -89.50982,
              40.465705
            ],
            [
              -89.509236,
              40.479122
            ],
            [
              -89.503023,
              40.479194
            ],
            [
              -89.502368,
              40.477564
            ],
            [
              -89.501023,
              40.477237
            ],
            [
              -89.499679,
              40.477564
            ],
            [
              -89.499023,
              40.479178
            ],
            [
              -89.495023,
              40.479167
            ],
            [
              -89.494802,
              40.476688
            ],
            [
              -89.499901,
              40.475787
            ],
            [
              -89.501453,
              40.472909
            ],
            [
              -89.499023,
              40.471679
            ],
            [
              -89.497447,
              40.473332
            ],
            [
              -89.495023,
              40.473316
            ],
            [
              -89.494706,
              40.468592
            ],
            [
              -89.501023,
              40.468047
            ],
            [
              -89.502161,
              40.466909
            ],
            [
              -89.501023,
              40.465771
            ],
            [
              -89.494676,
              40.465256
            ],
            [
              -89.494395,
              40.460281
            ],
            [
              -89.498129,
              40.458909
            ],
            [
              -89.494252,
              40.45768
            ],
            [
              -89.493023,
              40.455068
            ],
            [
              -89.491615,
              40.459501
            ],
            [
              -89.485946,
              40.460909
            ],
            [
              -89.491023,
              40.461922
            ],
            [
              -89.491355,
              40.46524
            ],
            [
              -89.483023,
              40.465729
            ],
            [
              -89.480362,
              40.466909
            ],
            [
              -89.483023,
              40.468089
            ],
            [
              -89.491327,
              40.468605
            ],
            [
              -89.491194,
              40.479079
            ],
            [
              -89.472891,
              40.479041
            ],
            [
              -89.472815,
              40.468909
            ],
            [
              -89.474491,
              40.468377
            ],
            [
              -89.474802,
              40.45913
            ],
            [
              -89.474578,
              40.457355
            ],
            [
              -89.472798,
              40.456909
            ],
            [
              -89.472823,
              40.454708
            ],
            [
              -89.473023,
              40.454137
            ],
            [
              -89.480298,
              40.452909
            ],
            [
              -89.473023,
              40.451681
            ],
            [
              -89.472604,
              40.445328
            ],
            [
              -89.471023,
              40.444442
            ],
            [
              -89.470064,
              40.436909
            ],
            [
              -89.468609,
              40.435324
            ],
            [
              -89.466846,
              40.435087
            ],
            [
              -89.466483,
              40.433449
            ],
            [
              -89.464806,
              40.432691
            ],
            [
              -89.473023,
              40.432398
            ],
            [
              -89.475023,
              40.430295
            ],
            [
              -89.479023,
              40.430053
            ],
            [
              -89.481023,
              40.431716
            ],
            [
              -89.485787,
              40.430909
            ],
            [
              -89.485023,
              40.429475
            ],
            [
              -89.4844,
              40.430286
            ],
            [
              -89.483023,
              40.430203
            ],
            [
              -89.481023,
              40.42794
            ],
            [
              -89.480088,
              40.427844
            ],
            [
              -89.473023,
              40.427456
            ],
            [
              -89.471023,
              40.429359
            ],
            [
              -89.467023,
              40.429291
            ],
            [
              -89.466626,
              40.424511
            ],
            [
              -89.468331,
              40.422909
            ],
            [
              -89.467023,
              40.420079
            ],
            [
              -89.463342,
              40.423227
            ],
            [
              -89.458815,
              40.423117
            ],
            [
              -89.458588,
              40.390909
            ],
            [
              -89.456576,
              40.388909
            ],
            [
              -89.45655,
              40.384909
            ],
            [
              -89.459023,
              40.382342
            ],
            [
              -89.473023,
              40.382073
            ],
            [
              -89.474034,
              40.382909
            ],
            [
              -89.475023,
              40.388913
            ],
            [
              -89.476387,
              40.382272
            ],
            [
              -89.490005,
              40.380909
            ],
            [
              -89.477023,
              40.379874
            ],
            [
              -89.476051,
              40.378909
            ],
            [
              -89.475023,
              40.373892
            ],
            [
              -89.473023,
              40.372545
            ],
            [
              -89.472542,
              40.374909
            ],
            [
              -89.474193,
              40.376909
            ],
            [
              -89.473996,
              40.378909
            ],
            [
              -89.473023,
              40.379745
            ],
            [
              -89.459023,
              40.379476
            ],
            [
              -89.456656,
              40.377276
            ],
            [
              -89.455023,
              40.332693
            ],
            [
              -89.453421,
              40.377306
            ],
            [
              -89.451023,
              40.379566
            ],
            [
              -89.439023,
              40.379934
            ],
            [
              -89.436876,
              40.378762
            ],
            [
              -89.435023,
              40.379138
            ],
            [
              -89.432861,
              40.380746
            ],
            [
              -89.428948,
              40.380909
            ],
            [
              -89.435023,
              40.381608
            ],
            [
              -89.437023,
              40.384398
            ],
            [
              -89.439023,
              40.381884
            ],
            [
              -89.451023,
              40.382252
            ],
            [
              -89.453392,
              40.38454
            ],
            [
              -89.454355,
              40.400909
            ],
            [
              -89.45552,
              40.402909
            ],
            [
              -89.455023,
              40.407756
            ],
            [
              -89.451772,
              40.408909
            ],
            [
              -89.453964,
              40.409968
            ],
            [
              -89.453922,
              40.412909
            ],
            [
              -89.455352,
              40.414909
            ],
            [
              -89.453611,
              40.416909
            ],
            [
              -89.453294,
              40.42118
            ],
            [
              -89.451023,
              40.419328
            ],
            [
              -89.447836,
              40.421722
            ],
            [
              -89.447023,
              40.423281
            ],
            [
              -89.443023,
              40.423305
            ],
            [
              -89.442043,
              40.421889
            ],
            [
              -89.439023,
              40.421374
            ],
            [
              -89.437023,
              40.423347
            ],
            [
              -89.435023,
              40.421465
            ],
            [
              -89.433023,
              40.423386
            ],
            [
              -89.430666,
              40.423266
            ],
            [
              -89.429023,
              40.421533
            ],
            [
              -89.427023,
              40.423442
            ],
            [
              -89.424192,
              40.420909
            ],
            [
              -89.424682,
              40.416909
            ],
            [
              -89.423023,
              40.41554
            ],
            [
              -89.420316,
              40.417617
            ],
            [
              -89.421023,
              40.417275
            ],
            [
              -89.421023,
              40.419226
            ],
            [
              -89.417023,
              40.416528
            ],
            [
              -89.407023,
              40.416242
            ],
            [
              -89.405023,
              40.418416
            ],
            [
              -89.401343,
              40.418909
            ],
            [
              -89.409023,
              40.420342
            ],
            [
              -89.409482,
              40.420909
            ],
            [
              -89.40769,
              40.423576
            ],
            [
              -89.401023,
              40.424166
            ],
            [
              -89.399023,
              40.423163
            ],
            [
              -89.398246,
              40.424132
            ],
            [
              -89.394716,
              40.424909
            ],
            [
              -89.395023,
              40.428714
            ],
            [
              -89.395237,
              40.427122
            ],
            [
              -89.398204,
              40.427729
            ],
            [
              -89.399023,
              40.428711
            ],
            [
              -89.403023,
              40.425774
            ],
            [
              -89.415023,
              40.426189
            ],
            [
              -89.416373,
              40.429559
            ],
            [
              -89.417921,
              40.430909
            ],
            [
              -89.419023,
              40.440637
            ],
            [
              -89.42013,
              40.438909
            ],
            [
              -89.420573,
              40.426459
            ],
            [
              -89.435331,
              40.426601
            ],
            [
              -89.435476,
              40.429362
            ],
            [
              -89.43386,
              40.430909
            ],
            [
              -89.435837,
              40.432909
            ],
            [
              -89.435217,
              40.434909
            ],
            [
              -89.437023,
              40.438235
            ],
            [
              -89.439661,
              40.435547
            ],
            [
              -89.440019,
              40.432909
            ],
            [
              -89.438347,
              40.430909
            ],
            [
              -89.438723,
              40.426608
            ],
            [
              -89.449023,
              40.426547
            ],
            [
              -89.449454,
              40.439339
            ],
            [
              -89.445023,
              40.440035
            ],
            [
              -89.442853,
              40.438738
            ],
            [
              -89.441686,
              40.440909
            ],
            [
              -89.449485,
              40.442448
            ],
            [
              -89.4498,
              40.444909
            ],
            [
              -89.451585,
              40.446347
            ],
            [
              -89.45172,
              40.447605
            ],
            [
              -89.446863,
              40.448748
            ],
            [
              -89.447023,
              40.449981
            ],
            [
              -89.45366,
              40.449546
            ],
            [
              -89.455739,
              40.446193
            ],
            [
              -89.452333,
              40.442909
            ],
            [
              -89.452398,
              40.440909
            ],
            [
              -89.454401,
              40.438909
            ],
            [
              -89.454481,
              40.434909
            ],
            [
              -89.452577,
              40.432909
            ],
            [
              -89.452782,
              40.428668
            ],
            [
              -89.453725,
              40.430207
            ],
            [
              -89.457214,
              40.430718
            ],
            [
              -89.457589,
              40.432344
            ],
            [
              -89.45921,
              40.432722
            ],
            [
              -89.459577,
              40.434355
            ],
            [
              -89.461206,
              40.434726
            ],
            [
              -89.461944,
              40.437988
            ],
            [
              -89.465023,
              40.440432
            ],
            [
              -89.46554,
              40.442392
            ],
            [
              -89.467274,
              40.442909
            ],
            [
              -89.467534,
              40.44942
            ],
            [
              -89.46604,
              40.450909
            ],
            [
              -89.467757,
              40.452909
            ],
            [
              -89.465821,
              40.454909
            ],
            [
              -89.469213,
              40.458719
            ],
            [
              -89.469384,
              40.462909
            ],
            [
              -89.465807,
              40.463692
            ],
            [
              -89.465023,
              40.465246
            ],
            [
              -89.461743,
              40.465628
            ],
            [
              -89.461023,
              40.469234
            ],
            [
              -89.458722,
              40.46721
            ],
            [
              -89.457023,
              40.46371
            ],
            [
              -89.455023,
              40.46371
            ],
            [
              -89.453023,
              40.46548
            ],
            [
              -89.451023,
              40.463785
            ],
            [
              -89.449023,
              40.465666
            ],
            [
              -89.441023,
              40.46658
            ],
            [
              -89.43856,
              40.468446
            ],
            [
              -89.43579,
              40.468909
            ],
            [
              -89.433647,
              40.474909
            ],
            [
              -89.435023,
              40.476286
            ],
            [
              -89.441282,
              40.476651
            ],
            [
              -89.441225,
              40.481111
            ],
            [
              -89.435023,
              40.481234
            ],
            [
              -89.434268,
              40.479664
            ],
            [
              -89.433023,
              40.479287
            ],
            [
              -89.431779,
              40.479664
            ],
            [
              -89.431023,
              40.481255
            ],
            [
              -89.425023,
              40.481291
            ],
            [
              -89.424176,
              40.477756
            ],
            [
              -89.420554,
              40.476909
            ],
            [
              -89.42041,
              40.468909
            ],
            [
              -89.423428,
              40.466909
            ],
            [
              -89.420525,
              40.465408
            ],
            [
              -89.420226,
              40.462909
            ],
            [
              -89.421023,
              40.461896
            ],
            [
              -89.429122,
              40.460909
            ],
            [
              -89.420387,
              40.459545
            ],
            [
              -89.420245,
              40.45413
            ],
            [
              -89.42168,
              40.452909
            ],
            [
              -89.419733,
              40.452199
            ],
            [
              -89.419023,
              40.450448
            ],
            [
              -89.418138,
              40.452024
            ],
            [
              -89.416138,
              40.452909
            ],
            [
              -89.417943,
              40.45599
            ],
            [
              -89.417645,
              40.459531
            ],
            [
              -89.41414,
              40.459792
            ],
            [
              -89.413023,
              40.458359
            ],
            [
              -89.412022,
              40.459908
            ],
            [
              -89.408421,
              40.460909
            ],
            [
              -89.417603,
              40.462329
            ],
            [
              -89.417637,
              40.468909
            ],
            [
              -89.415798,
              40.470909
            ],
            [
              -89.415879,
              40.472909
            ],
            [
              -89.417521,
              40.474909
            ],
            [
              -89.41733,
              40.477215
            ],
            [
              -89.406592,
              40.47734
            ],
            [
              -89.405023,
              40.470646
            ],
            [
              -89.403023,
              40.477564
            ],
            [
              -89.401023,
              40.476432
            ],
            [
              -89.399023,
              40.477665
            ],
            [
              -89.389023,
              40.478055
            ],
            [
              -89.387023,
              40.480186
            ],
            [
              -89.380732,
              40.480909
            ],
            [
              -89.389023,
              40.481722
            ],
            [
              -89.391023,
              40.47987
            ],
            [
              -89.403023,
              40.480254
            ],
            [
              -89.405023,
              40.487579
            ],
            [
              -89.406609,
              40.480495
            ],
            [
              -89.409023,
              40.48035
            ],
            [
              -89.411023,
              40.482277
            ],
            [
              -89.413023,
              40.480401
            ],
            [
              -89.417351,
              40.480582
            ],
            [
              -89.41952,
              40.482909
            ],
            [
              -89.420223,
              40.487709
            ],
            [
              -89.4236,
              40.488909
            ],
            [
              -89.42415,
              40.494909
            ],
            [
              -89.423023,
              40.49575
            ],
            [
              -89.416725,
              40.496909
            ],
            [
              -89.423509,
              40.498424
            ],
            [
              -89.421607,
              40.500909
            ],
            [
              -89.423493,
              40.502909
            ],
            [
              -89.423372,
              40.508909
            ],
            [
              -89.423721,
              40.510212
            ],
            [
              -89.427219,
              40.510714
            ],
            [
              -89.427256,
              40.514909
            ],
            [
              -89.417023,
              40.515171
            ],
            [
              -89.415548,
              40.515434
            ],
            [
              -89.415023,
              40.517177
            ],
            [
              -89.413023,
              40.517183
            ],
            [
              -89.412207,
              40.511725
            ],
            [
              -89.409839,
              40.511725
            ],
            [
              -89.409023,
              40.513276
            ],
            [
              -89.405023,
              40.513349
            ],
            [
              -89.403023,
              40.511409
            ],
            [
              -89.401023,
              40.511465
            ],
            [
              -89.39958,
              40.512909
            ],
            [
              -89.401991,
              40.515942
            ],
            [
              -89.409023,
              40.516542
            ],
            [
              -89.409218,
              40.517103
            ],
            [
              -89.403709,
              40.517594
            ],
            [
              -89.403023,
              40.51922
            ],
            [
              -89.395023,
              40.519256
            ],
            [
              -89.393718,
              40.519604
            ],
            [
              -89.393023,
              40.521266
            ],
            [
              -89.385023,
              40.521317
            ],
            [
              -89.384293,
              40.516909
            ],
            [
              -89.382114,
              40.514909
            ],
            [
              -89.381023,
              40.510459
            ],
            [
              -89.37988,
              40.516909
            ],
            [
              -89.381634,
              40.518909
            ],
            [
              -89.381023,
              40.523347
            ],
            [
              -89.376684,
              40.523249
            ],
            [
              -89.375877,
              40.520055
            ],
            [
              -89.373023,
              40.518468
            ],
            [
              -89.371023,
              40.519415
            ],
            [
              -89.369023,
              40.521897
            ],
            [
              -89.364063,
              40.522909
            ],
            [
              -89.369023,
              40.523921
            ],
            [
              -89.370679,
              40.524909
            ],
            [
              -89.365023,
              40.525531
            ],
            [
              -89.363023,
              40.527566
            ],
            [
              -89.359023,
              40.527643
            ],
            [
              -89.358003,
              40.524909
            ],
            [
              -89.359914,
              40.522909
            ],
            [
              -89.354081,
              40.521851
            ],
            [
              -89.353023,
              40.518773
            ],
            [
              -89.352478,
              40.522909
            ],
            [
              -89.355023,
              40.523622
            ],
            [
              -89.356044,
              40.524909
            ],
            [
              -89.355562,
              40.529447
            ],
            [
              -89.351023,
              40.529891
            ],
            [
              -89.349023,
              40.528766
            ],
            [
              -89.345023,
              40.530219
            ],
            [
              -89.339152,
              40.530909
            ],
            [
              -89.34169,
              40.532909
            ],
            [
              -89.347023,
              40.533431
            ],
            [
              -89.349023,
              40.534803
            ],
            [
              -89.352239,
              40.532125
            ],
            [
              -89.354218,
              40.532909
            ],
            [
              -89.350743,
              40.536909
            ],
            [
              -89.356076,
              40.539857
            ],
            [
              -89.356582,
              40.542909
            ],
            [
              -89.355023,
              40.54432
            ],
            [
              -89.352159,
              40.544909
            ],
            [
              -89.352345,
              40.547587
            ],
            [
              -89.353023,
              40.549624
            ],
            [
              -89.354305,
              40.54619
            ],
            [
              -89.357486,
              40.546446
            ],
            [
              -89.357647,
              40.554909
            ],
            [
              -89.359492,
              40.556909
            ],
            [
              -89.359521,
              40.560909
            ],
            [
              -89.357023,
              40.561618
            ],
            [
              -89.355023,
              40.561241
            ],
            [
              -89.354118,
              40.562909
            ],
            [
              -89.355023,
              40.563814
            ],
            [
              -89.359341,
              40.564592
            ],
            [
              -89.35756,
              40.566909
            ],
            [
              -89.358048,
              40.567884
            ],
            [
              -89.361324,
              40.568608
            ],
            [
              -89.363726,
              40.572207
            ],
            [
              -89.365356,
              40.572909
            ],
            [
              -89.360686,
              40.573247
            ],
            [
              -89.359886,
              40.570047
            ],
            [
              -89.356458,
              40.569474
            ],
            [
              -89.353023,
              40.566419
            ],
            [
              -89.350897,
              40.566909
            ],
            [
              -89.354263,
              40.57167
            ],
            [
              -89.357461,
              40.572471
            ],
            [
              -89.357536,
              40.574909
            ],
            [
              -89.359412,
              40.576909
            ],
            [
              -89.357851,
              40.577737
            ],
            [
              -89.357023,
              40.581393
            ],
            [
              -89.352558,
              40.581375
            ],
            [
              -89.351023,
              40.577977
            ],
            [
              -89.346888,
              40.578773
            ],
            [
              -89.349687,
              40.580245
            ],
            [
              -89.349547,
              40.581433
            ],
            [
              -89.347172,
              40.582909
            ],
            [
              -89.346264,
              40.584909
            ],
            [
              -89.349023,
              40.587045
            ],
            [
              -89.343748,
              40.586909
            ],
            [
              -89.344378,
              40.582909
            ],
            [
              -89.342636,
              40.581297
            ],
            [
              -89.34222,
              40.578909
            ],
            [
              -89.341023,
              40.577712
            ],
            [
              -89.339023,
              40.581497
            ],
            [
              -89.337023,
              40.581579
            ],
            [
              -89.336201,
              40.580909
            ],
            [
              -89.337371,
              40.578561
            ],
            [
              -89.333023,
              40.577273
            ],
            [
              -89.331889,
              40.579774
            ],
            [
              -89.329501,
              40.580909
            ],
            [
              -89.333023,
              40.581837
            ],
            [
              -89.335023,
              40.584131
            ],
            [
              -89.339023,
              40.58432
            ],
            [
              -89.339419,
              40.586909
            ],
            [
              -89.333023,
              40.587394
            ],
            [
              -89.331023,
              40.589445
            ],
            [
              -89.329023,
              40.589508
            ],
            [
              -89.327023,
              40.586041
            ],
            [
              -89.325935,
              40.587821
            ],
            [
              -89.32614,
              40.591792
            ],
            [
              -89.333023,
              40.592391
            ],
            [
              -89.335023,
              40.590467
            ],
            [
              -89.343023,
              40.590585
            ],
            [
              -89.343192,
              40.599078
            ],
            [
              -89.325023,
              40.599421
            ],
            [
              -89.323535,
              40.600909
            ],
            [
              -89.325281,
              40.603166
            ],
            [
              -89.319023,
              40.603444
            ],
            [
              -89.317843,
              40.596909
            ],
            [
              -89.317023,
              40.596332
            ],
            [
              -89.314957,
              40.596843
            ],
            [
              -89.316048,
              40.598909
            ],
            [
              -89.315511,
              40.606909
            ],
            [
              -89.315023,
              40.607432
            ],
            [
              -89.312089,
              40.605844
            ],
            [
              -89.311023,
              40.603717
            ],
            [
              -89.308925,
              40.602811
            ],
            [
              -89.307996,
              40.604909
            ],
            [
              -89.30976,
              40.606173
            ],
            [
              -89.311752,
              40.609638
            ],
            [
              -89.309023,
              40.610571
            ],
            [
              -89.309633,
              40.612299
            ],
            [
              -89.309023,
              40.613339
            ],
            [
              -89.29076,
              40.613172
            ],
            [
              -89.291023,
              40.610264
            ],
            [
              -89.301064,
              40.608909
            ],
            [
              -89.294457,
              40.607476
            ],
            [
              -89.293023,
              40.602719
            ],
            [
              -89.291965,
              40.606909
            ],
            [
              -89.291023,
              40.607554
            ],
            [
              -89.286512,
              40.60742
            ],
            [
              -89.28428,
              40.605652
            ],
            [
              -89.283023,
              40.602753
            ],
            [
              -89.279023,
              40.609359
            ],
            [
              -89.277023,
              40.607469
            ],
            [
              -89.275023,
              40.609475
            ],
            [
              -89.271023,
              40.60945
            ],
            [
              -89.271134,
              40.606909
            ],
            [
              -89.270124,
              40.605808
            ],
            [
              -89.267023,
              40.605526
            ],
            [
              -89.26564,
              40.606909
            ],
            [
              -89.267533,
              40.608909
            ],
            [
              -89.267023,
              40.615286
            ],
            [
              -89.266158,
              40.613775
            ],
            [
              -89.264703,
              40.61323
            ],
            [
              -89.259023,
              40.607894
            ],
            [
              -89.258009,
              40.608909
            ],
            [
              -89.257328,
              40.613214
            ],
            [
              -89.251023,
              40.613221
            ],
            [
              -89.250385,
              40.611547
            ],
            [
              -89.245023,
              40.611236
            ],
            [
              -89.243023,
              40.609399
            ],
            [
              -89.241023,
              40.610111
            ],
            [
              -89.237023,
              40.60926
            ],
            [
              -89.236298,
              40.607634
            ],
            [
              -89.235023,
              40.607272
            ],
            [
              -89.207023,
              40.607375
            ],
            [
              -89.205023,
              40.608017
            ],
            [
              -89.201023,
              40.607409
            ],
            [
              -89.191023,
              40.607474
            ],
            [
              -89.19033,
              40.608215
            ],
            [
              -89.187692,
              40.60824
            ],
            [
              -89.185941,
              40.605992
            ],
            [
              -89.182585,
              40.605348
            ],
            [
              -89.181023,
              40.603592
            ],
            [
              -89.177023,
              40.603614
            ],
            [
              -89.175854,
              40.602078
            ],
            [
              -89.172492,
              40.60144
            ],
            [
              -89.171023,
              40.59974
            ],
            [
              -89.16844,
              40.599492
            ],
            [
              -89.167023,
              40.597833
            ],
            [
              -89.16438,
              40.597553
            ],
            [
              -89.163023,
              40.595919
            ],
            [
              -89.160302,
              40.595631
            ],
            [
              -89.157023,
              40.592169
            ],
            [
              -89.153523,
              40.592409
            ],
            [
              -89.153023,
              40.59036
            ],
            [
              -89.151023,
              40.588576
            ],
            [
              -89.147337,
              40.588595
            ],
            [
              -89.146958,
              40.586844
            ],
            [
              -89.146778,
              40.588663
            ],
            [
              -89.150793,
              40.589139
            ],
            [
              -89.150822,
              40.59111
            ],
            [
              -89.152598,
              40.593334
            ],
            [
              -89.15647,
              40.593463
            ],
            [
              -89.156842,
              40.595091
            ],
            [
              -89.158526,
              40.595406
            ],
            [
              -89.159023,
              40.597814
            ],
            [
              -89.161023,
              40.597883
            ],
            [
              -89.163023,
              40.599943
            ],
            [
              -89.165023,
              40.59933
            ],
            [
              -89.166162,
              40.599771
            ],
            [
              -89.167023,
              40.602034
            ],
            [
              -89.169023,
              40.601377
            ],
            [
              -89.170072,
              40.60186
            ],
            [
              -89.171023,
              40.604109
            ],
            [
              -89.173023,
              40.604146
            ],
            [
              -89.175023,
              40.606172
            ],
            [
              -89.179023,
              40.605458
            ],
            [
              -89.181023,
              40.608253
            ],
            [
              -89.183023,
              40.608272
            ],
            [
              -89.185023,
              40.61029
            ],
            [
              -89.193674,
              40.60956
            ],
            [
              -89.201023,
              40.609566
            ],
            [
              -89.203023,
              40.610179
            ],
            [
              -89.205023,
              40.60958
            ],
            [
              -89.217023,
              40.609614
            ],
            [
              -89.219023,
              40.610496
            ],
            [
              -89.223023,
              40.610764
            ],
            [
              -89.227023,
              40.609637
            ],
            [
              -89.233023,
              40.609651
            ],
            [
              -89.235023,
              40.612552
            ],
            [
              -89.239023,
              40.611662
            ],
            [
              -89.239851,
              40.612081
            ],
            [
              -89.241023,
              40.614571
            ],
            [
              -89.245023,
              40.614582
            ],
            [
              -89.247023,
              40.613677
            ],
            [
              -89.249023,
              40.616592
            ],
            [
              -89.255023,
              40.615691
            ],
            [
              -89.257023,
              40.61861
            ],
            [
              -89.259023,
              40.617693
            ],
            [
              -89.261827,
              40.618105
            ],
            [
              -89.263511,
              40.620909
            ],
            [
              -89.261507,
              40.622909
            ],
            [
              -89.263269,
              40.625154
            ],
            [
              -89.247023,
              40.625389
            ],
            [
              -89.244666,
              40.623267
            ],
            [
              -89.243905,
              40.620027
            ],
            [
              -89.240605,
              40.619328
            ],
            [
              -89.237023,
              40.615633
            ],
            [
              -89.22616,
              40.615773
            ],
            [
              -89.224131,
              40.614909
            ],
            [
              -89.223023,
              40.612594
            ],
            [
              -89.221288,
              40.615173
            ],
            [
              -89.214531,
              40.616909
            ],
            [
              -89.219023,
              40.61743
            ],
            [
              -89.223023,
              40.619226
            ],
            [
              -89.225023,
              40.617839
            ],
            [
              -89.235497,
              40.618435
            ],
            [
              -89.235652,
              40.621538
            ],
            [
              -89.232577,
              40.622909
            ],
            [
              -89.235684,
              40.624249
            ],
            [
              -89.236283,
              40.625649
            ],
            [
              -89.239466,
              40.626466
            ],
            [
              -89.238923,
              40.628909
            ],
            [
              -89.239845,
              40.630909
            ],
            [
              -89.243023,
              40.633631
            ],
            [
              -89.244619,
              40.633313
            ],
            [
              -89.245023,
              40.634053
            ],
            [
              -89.244396,
              40.628282
            ],
            [
              -89.247371,
              40.628561
            ],
            [
              -89.251023,
              40.631909
            ],
            [
              -89.25262,
              40.630505
            ],
            [
              -89.255023,
              40.630286
            ],
            [
              -89.255763,
              40.633649
            ],
            [
              -89.252493,
              40.636378
            ],
            [
              -89.251719,
              40.638909
            ],
            [
              -89.25142,
              40.642512
            ],
            [
              -89.252497,
              40.643436
            ],
            [
              -89.258672,
              40.644558
            ],
            [
              -89.259544,
              40.642909
            ],
            [
              -89.262647,
              40.640533
            ],
            [
              -89.26929,
              40.640642
            ],
            [
              -89.269431,
              40.655316
            ],
            [
              -89.25258,
              40.656909
            ],
            [
              -89.257023,
              40.657603
            ],
            [
              -89.259023,
              40.659362
            ],
            [
              -89.261023,
              40.657917
            ],
            [
              -89.265023,
              40.658128
            ],
            [
              -89.267023,
              40.659955
            ],
            [
              -89.268519,
              40.658405
            ],
            [
              -89.26945,
              40.658483
            ],
            [
              -89.275911,
              40.664909
            ],
            [
              -89.274596,
              40.666909
            ],
            [
              -89.276093,
              40.668909
            ],
            [
              -89.275682,
              40.670909
            ],
            [
              -89.277023,
              40.676835
            ],
            [
              -89.278032,
              40.674909
            ],
            [
              -89.278473,
              40.662358
            ],
            [
              -89.281023,
              40.661955
            ],
            [
              -89.283023,
              40.662901
            ],
            [
              -89.285023,
              40.661744
            ],
            [
              -89.287023,
              40.663057
            ],
            [
              -89.289023,
              40.66144
            ],
            [
              -89.293064,
              40.660909
            ],
            [
              -89.275023,
              40.659642
            ],
            [
              -89.272414,
              40.656909
            ],
            [
              -89.272689,
              40.650575
            ],
            [
              -89.296006,
              40.648909
            ],
            [
              -89.272701,
              40.647231
            ],
            [
              -89.272626,
              40.640909
            ],
            [
              -89.276155,
              40.638041
            ],
            [
              -89.276674,
              40.634909
            ],
            [
              -89.278311,
              40.634197
            ],
            [
              -89.278785,
              40.632671
            ],
            [
              -89.293023,
              40.632373
            ],
            [
              -89.29377,
              40.636909
            ],
            [
              -89.296237,
              40.639695
            ],
            [
              -89.297023,
              40.640088
            ],
            [
              -89.299023,
              40.638313
            ],
            [
              -89.307023,
              40.637999
            ],
            [
              -89.309023,
              40.643456
            ],
            [
              -89.310509,
              40.638395
            ],
            [
              -89.321337,
              40.638596
            ],
            [
              -89.322051,
              40.652909
            ],
            [
              -89.323023,
              40.653882
            ],
            [
              -89.325921,
              40.654012
            ],
            [
              -89.32714,
              40.654792
            ],
            [
              -89.327899,
              40.658909
            ],
            [
              -89.327023,
              40.659768
            ],
            [
              -89.312355,
              40.660909
            ],
            [
              -89.322079,
              40.661854
            ],
            [
              -89.347335,
              40.662597
            ],
            [
              -89.347498,
              40.673384
            ],
            [
              -89.334182,
              40.674909
            ],
            [
              -89.347523,
              40.676409
            ],
            [
              -89.348295,
              40.686909
            ],
            [
              -89.34704,
              40.688909
            ],
            [
              -89.34834,
              40.689593
            ],
            [
              -89.349023,
              40.691922
            ],
            [
              -89.349704,
              40.689589
            ],
            [
              -89.350945,
              40.688909
            ],
            [
              -89.349752,
              40.686909
            ],
            [
              -89.350259,
              40.676909
            ],
            [
              -89.351023,
              40.676119
            ],
            [
              -89.355023,
              40.675736
            ],
            [
              -89.371023,
              40.67636
            ],
            [
              -89.373023,
              40.678234
            ],
            [
              -89.375343,
              40.67659
            ],
            [
              -89.375487,
              40.679372
            ],
            [
              -89.372204,
              40.680909
            ],
            [
              -89.375559,
              40.682374
            ],
            [
              -89.377023,
              40.688023
            ],
            [
              -89.378717,
              40.676602
            ],
            [
              -89.385023,
              40.676536
            ],
            [
              -89.385835,
              40.686909
            ],
            [
              -89.385023,
              40.687969
            ],
            [
              -89.380528,
              40.688909
            ],
            [
              -89.389023,
              40.690184
            ],
            [
              -89.391023,
              40.692226
            ],
            [
              -89.405242,
              40.69269
            ],
            [
              -89.405023,
              40.693278
            ],
            [
              -89.401819,
              40.693705
            ],
            [
              -89.401023,
              40.697379
            ],
            [
              -89.392069,
              40.697954
            ],
            [
              -89.391023,
              40.703492
            ],
            [
              -89.379023,
              40.703727
            ],
            [
              -89.377023,
              40.698613
            ],
            [
              -89.375023,
              40.703848
            ],
            [
              -89.361524,
              40.704909
            ],
            [
              -89.385482,
              40.70645
            ],
            [
              -89.385934,
              40.718909
            ],
            [
              -89.387023,
              40.720037
            ],
            [
              -89.388931,
              40.718909
            ],
            [
              -89.387846,
              40.718086
            ],
            [
              -89.388293,
              40.714179
            ],
            [
              -89.391163,
              40.713049
            ],
            [
              -89.39161,
              40.712323
            ],
            [
              -89.391023,
              40.712699
            ],
            [
              -89.388349,
              40.711584
            ],
            [
              -89.389023,
              40.709924
            ],
            [
              -89.391023,
              40.710086
            ],
            [
              -89.393023,
              40.712125
            ],
            [
              -89.403451,
              40.712481
            ],
            [
              -89.405622,
              40.714909
            ],
            [
              -89.405023,
              40.717865
            ],
            [
              -89.403023,
              40.717477
            ],
            [
              -89.389143,
              40.718909
            ],
            [
              -89.401023,
              40.719955
            ],
            [
              -89.402271,
              40.721662
            ],
            [
              -89.405543,
              40.722389
            ],
            [
              -89.405899,
              40.724909
            ],
            [
              -89.405023,
              40.726085
            ],
            [
              -89.394261,
              40.726909
            ],
            [
              -89.405743,
              40.72819
            ],
            [
              -89.406545,
              40.73443
            ],
            [
              -89.404873,
              40.735059
            ],
            [
              -89.407419,
              40.734909
            ],
            [
              -89.408678,
              40.728564
            ],
            [
              -89.411469,
              40.727354
            ],
            [
              -89.419152,
              40.726909
            ],
            [
              -89.412234,
              40.725698
            ],
            [
              -89.410216,
              40.723716
            ],
            [
              -89.410424,
              40.722309
            ],
            [
              -89.425134,
              40.720909
            ],
            [
              -89.421688,
              40.720244
            ],
            [
              -89.419935,
              40.718909
            ],
            [
              -89.423023,
              40.715001
            ],
            [
              -89.425023,
              40.714985
            ],
            [
              -89.427023,
              40.716805
            ],
            [
              -89.430195,
              40.710909
            ],
            [
              -89.435023,
              40.709867
            ],
            [
              -89.43797,
              40.710909
            ],
            [
              -89.43833,
              40.712909
            ],
            [
              -89.443698,
              40.716235
            ],
            [
              -89.445023,
              40.718299
            ],
            [
              -89.445882,
              40.717768
            ],
            [
              -89.446509,
              40.714394
            ],
            [
              -89.449685,
              40.713571
            ],
            [
              -89.450491,
              40.712377
            ],
            [
              -89.453723,
              40.711609
            ],
            [
              -89.457023,
              40.712301
            ],
            [
              -89.459023,
              40.710355
            ],
            [
              -89.463023,
              40.710366
            ],
            [
              -89.463661,
              40.712909
            ],
            [
              -89.463023,
              40.715605
            ],
            [
              -89.460593,
              40.716478
            ],
            [
              -89.458774,
              40.71866
            ],
            [
              -89.453783,
              40.718909
            ],
            [
              -89.461023,
              40.719704
            ],
            [
              -89.463023,
              40.718893
            ],
            [
              -89.464157,
              40.719776
            ],
            [
              -89.465023,
              40.722564
            ],
            [
              -89.46614,
              40.718909
            ],
            [
              -89.46815,
              40.718035
            ],
            [
              -89.477023,
              40.718277
            ],
            [
              -89.479023,
              40.719375
            ],
            [
              -89.481023,
              40.719505
            ],
            [
              -89.482284,
              40.71817
            ],
            [
              -89.485023,
              40.71771
            ],
            [
              -89.489023,
              40.718099
            ],
            [
              -89.491023,
              40.719914
            ],
            [
              -89.493023,
              40.718326
            ],
            [
              -89.495023,
              40.720081
            ],
            [
              -89.501023,
              40.719382
            ],
            [
              -89.502257,
              40.718142
            ],
            [
              -89.503624,
              40.718909
            ],
            [
              -89.504372,
              40.721561
            ],
            [
              -89.509023,
              40.721848
            ],
            [
              -89.511023,
              40.724072
            ],
            [
              -89.521023,
              40.724499
            ],
            [
              -89.521273,
              40.725158
            ],
            [
              -89.519793,
              40.725678
            ],
            [
              -89.51929,
              40.729175
            ],
            [
              -89.515023,
              40.729452
            ],
            [
              -89.513023,
              40.731384
            ],
            [
              -89.507023,
              40.731457
            ],
            [
              -89.505023,
              40.729557
            ],
            [
              -89.499023,
              40.729876
            ],
            [
              -89.497023,
              40.731643
            ],
            [
              -89.495023,
              40.728021
            ],
            [
              -89.493023,
              40.729777
            ],
            [
              -89.480282,
              40.730909
            ],
            [
              -89.481023,
              40.732181
            ],
            [
              -89.481494,
              40.73138
            ],
            [
              -89.487023,
              40.731748
            ],
            [
              -89.489023,
              40.733341
            ],
            [
              -89.491023,
              40.731946
            ],
            [
              -89.493023,
              40.733692
            ],
            [
              -89.497515,
              40.734418
            ],
            [
              -89.499023,
              40.736111
            ],
            [
              -89.501023,
              40.734265
            ],
            [
              -89.503023,
              40.735721
            ],
            [
              -89.505023,
              40.734331
            ],
            [
              -89.507023,
              40.738071
            ],
            [
              -89.508186,
              40.736909
            ],
            [
              -89.508642,
              40.734528
            ],
            [
              -89.51532,
              40.734612
            ],
            [
              -89.505023,
              40.746378
            ],
            [
              -89.503291,
              40.746909
            ],
            [
              -89.505023,
              40.74744
            ],
            [
              -89.505671,
              40.748909
            ],
            [
              -89.503507,
              40.751392
            ],
            [
              -89.501023,
              40.751116
            ],
            [
              -89.496728,
              40.752614
            ],
            [
              -89.495023,
              40.754019
            ],
            [
              -89.493023,
              40.753718
            ],
            [
              -89.490637,
              40.756522
            ],
            [
              -89.485023,
              40.758359
            ],
            [
              -89.483023,
              40.760625
            ],
            [
              -89.480764,
              40.760909
            ],
            [
              -89.487023,
              40.762387
            ],
            [
              -89.487361,
              40.760909
            ],
            [
              -89.489023,
              40.759653
            ],
            [
              -89.493023,
              40.759473
            ],
            [
              -89.495023,
              40.76025
            ],
            [
              -89.496331,
              40.758909
            ],
            [
              -89.501023,
              40.757307
            ],
            [
              -89.503023,
              40.755684
            ],
            [
              -89.505803,
              40.755689
            ],
            [
              -89.509023,
              40.751973
            ],
            [
              -89.509948,
              40.752909
            ],
            [
              -89.508283,
              40.754168
            ],
            [
              -89.508252,
              40.755681
            ],
            [
              -89.508954,
              40.756909
            ],
            [
              -89.512153,
              40.758909
            ],
            [
              -89.510642,
              40.760909
            ],
            [
              -89.512043,
              40.761889
            ],
            [
              -89.513023,
              40.76535
            ]
          ]
        ]
      }
    },
    {
      "type": "Feature",
      "properties": {
        "contour_minutes": 30,
        "source_id": "VALHALLA_20260730",
        "source": "Valhalla isochrone response",
        "profile": "auto",
        "captured_at": "2026-07-30",
        "public_origin": {
          "latitude": 40.6049094,
          "longitude": -89.467024,
          "address": "605 S Main St, Morton, IL 61550",
          "source_id": "GOOGLE_MAPS_SAMPLE_20260730"
        },
        "limitation": "Modeled drive time with no live traffic.",
        "geometry_repair": "none_required"
      },
      "geometry": {
        "type": "Polygon",
        "coordinates": [
          [
            [
              -89.515023,
              40.867124
            ],
            [
              -89.517023,
              40.867368
            ],
            [
              -89.525023,
              40.863293
            ],
            [
              -89.526665,
              40.86055
            ],
            [
              -89.531023,
              40.857614
            ],
            [
              -89.533393,
              40.857279
            ],
            [
              -89.534736,
              40.854621
            ],
            [
              -89.537023,
              40.853516
            ],
            [
              -89.539023,
              40.852979
            ],
            [
              -89.543023,
              40.854152
            ],
            [
              -89.545023,
              40.849892
            ],
            [
              -89.549023,
              40.849719
            ],
            [
              -89.551023,
              40.8513
            ],
            [
              -89.553225,
              40.85111
            ],
            [
              -89.555023,
              40.849327
            ],
            [
              -89.561649,
              40.850284
            ],
            [
              -89.562364,
              40.856909
            ],
            [
              -89.561451,
              40.858909
            ],
            [
              -89.563023,
              40.860977
            ],
            [
              -89.565005,
              40.852909
            ],
            [
              -89.564392,
              40.850277
            ],
            [
              -89.569023,
              40.84949
            ],
            [
              -89.570213,
              40.84972
            ],
            [
              -89.571023,
              40.850947
            ],
            [
              -89.573568,
              40.849454
            ],
            [
              -89.576719,
              40.848909
            ],
            [
              -89.564431,
              40.847501
            ],
            [
              -89.565023,
              40.844157
            ],
            [
              -89.572676,
              40.842909
            ],
            [
              -89.569023,
              40.842061
            ],
            [
              -89.567023,
              40.840201
            ],
            [
              -89.565642,
              40.841527
            ],
            [
              -89.564566,
              40.841366
            ],
            [
              -89.56459,
              40.838475
            ],
            [
              -89.566564,
              40.83645
            ],
            [
              -89.569023,
              40.83614
            ],
            [
              -89.571023,
              40.836859
            ],
            [
              -89.576781,
              40.834909
            ],
            [
              -89.565023,
              40.833491
            ],
            [
              -89.564679,
              40.832564
            ],
            [
              -89.566439,
              40.830909
            ],
            [
              -89.564573,
              40.828909
            ],
            [
              -89.568084,
              40.82797
            ],
            [
              -89.568569,
              40.826455
            ],
            [
              -89.57795,
              40.825836
            ],
            [
              -89.578373,
              40.822909
            ],
            [
              -89.580121,
              40.822006
            ],
            [
              -89.581023,
              40.82047
            ],
            [
              -89.585356,
              40.820577
            ],
            [
              -89.586161,
              40.825771
            ],
            [
              -89.589486,
              40.826446
            ],
            [
              -89.591023,
              40.828117
            ],
            [
              -89.596549,
              40.822434
            ],
            [
              -89.601023,
              40.82123
            ],
            [
              -89.603023,
              40.821864
            ],
            [
              -89.605023,
              40.819974
            ],
            [
              -89.607023,
              40.824424
            ],
            [
              -89.608537,
              40.825396
            ],
            [
              -89.608302,
              40.830909
            ],
            [
              -89.609023,
              40.831764
            ],
            [
              -89.610352,
              40.830237
            ],
            [
              -89.613023,
              40.829732
            ],
            [
              -89.616322,
              40.832909
            ],
            [
              -89.616321,
              40.834909
            ],
            [
              -89.619023,
              40.83599
            ],
            [
              -89.617966,
              40.829967
            ],
            [
              -89.616392,
              40.82954
            ],
            [
              -89.616472,
              40.828358
            ],
            [
              -89.617713,
              40.828219
            ],
            [
              -89.618097,
              40.829835
            ],
            [
              -89.621023,
              40.829232
            ],
            [
              -89.622563,
              40.831369
            ],
            [
              -89.625023,
              40.831019
            ],
            [
              -89.630091,
              40.836909
            ],
            [
              -89.629624,
              40.841509
            ],
            [
              -89.628159,
              40.842909
            ],
            [
              -89.630458,
              40.843474
            ],
            [
              -89.631023,
              40.845017
            ],
            [
              -89.631546,
              40.843432
            ],
            [
              -89.632641,
              40.842909
            ],
            [
              -89.631719,
              40.840909
            ],
            [
              -89.632539,
              40.828424
            ],
            [
              -89.637707,
              40.828226
            ],
            [
              -89.640435,
              40.830909
            ],
            [
              -89.641023,
              40.833604
            ],
            [
              -89.641751,
              40.828909
            ],
            [
              -89.640411,
              40.826297
            ],
            [
              -89.641023,
              40.825605
            ],
            [
              -89.645023,
              40.82541
            ],
            [
              -89.647023,
              40.824137
            ],
            [
              -89.648661,
              40.827272
            ],
            [
              -89.649341,
              40.827226
            ],
            [
              -89.650411,
              40.822297
            ],
            [
              -89.653473,
              40.821359
            ],
            [
              -89.654116,
              40.820002
            ],
            [
              -89.657023,
              40.817969
            ],
            [
              -89.657293,
              40.81664
            ],
            [
              -89.655285,
              40.814909
            ],
            [
              -89.656415,
              40.814301
            ],
            [
              -89.677023,
              40.814429
            ],
            [
              -89.677494,
              40.825379
            ],
            [
              -89.663851,
              40.826909
            ],
            [
              -89.667023,
              40.827447
            ],
            [
              -89.669023,
              40.82918
            ],
            [
              -89.671023,
              40.82782
            ],
            [
              -89.675599,
              40.828333
            ],
            [
              -89.677845,
              40.830909
            ],
            [
              -89.677023,
              40.832091
            ],
            [
              -89.674867,
              40.832753
            ],
            [
              -89.675023,
              40.835491
            ],
            [
              -89.677218,
              40.836714
            ],
            [
              -89.678533,
              40.8394
            ],
            [
              -89.679937,
              40.839996
            ],
            [
              -89.681023,
              40.84412
            ],
            [
              -89.682341,
              40.840909
            ],
            [
              -89.679918,
              40.836909
            ],
            [
              -89.680122,
              40.832909
            ],
            [
              -89.681023,
              40.831902
            ],
            [
              -89.685357,
              40.830909
            ],
            [
              -89.683023,
              40.829497
            ],
            [
              -89.680458,
              40.829474
            ],
            [
              -89.68033,
              40.826909
            ],
            [
              -89.682475,
              40.82436
            ],
            [
              -89.686484,
              40.822909
            ],
            [
              -89.684399,
              40.821534
            ],
            [
              -89.683781,
              40.820152
            ],
            [
              -89.680633,
              40.819299
            ],
            [
              -89.680709,
              40.814594
            ],
            [
              -89.683401,
              40.814532
            ],
            [
              -89.685023,
              40.816226
            ],
            [
              -89.687415,
              40.814517
            ],
            [
              -89.689023,
              40.822825
            ],
            [
              -89.690821,
              40.818909
            ],
            [
              -89.690253,
              40.816909
            ],
            [
              -89.691023,
              40.814276
            ],
            [
              -89.692045,
              40.816909
            ],
            [
              -89.691407,
              40.818909
            ],
            [
              -89.693023,
              40.820734
            ],
            [
              -89.697023,
              40.814128
            ],
            [
              -89.703023,
              40.813907
            ],
            [
              -89.705023,
              40.815426
            ],
            [
              -89.709023,
              40.813584
            ],
            [
              -89.711023,
              40.813465
            ],
            [
              -89.713024,
              40.814462
            ],
            [
              -89.715023,
              40.813781
            ],
            [
              -89.721023,
              40.814217
            ],
            [
              -89.72769,
              40.812909
            ],
            [
              -89.719023,
              40.811964
            ],
            [
              -89.718165,
              40.810909
            ],
            [
              -89.720066,
              40.808909
            ],
            [
              -89.718484,
              40.807448
            ],
            [
              -89.718545,
              40.80643
            ],
            [
              -89.722015,
              40.804909
            ],
            [
              -89.720453,
              40.803479
            ],
            [
              -89.720579,
              40.802465
            ],
            [
              -89.725023,
              40.801845
            ],
            [
              -89.727239,
              40.803125
            ],
            [
              -89.727661,
              40.800909
            ],
            [
              -89.727024,
              40.800271
            ],
            [
              -89.718644,
              40.799288
            ],
            [
              -89.718558,
              40.794909
            ],
            [
              -89.720545,
              40.792909
            ],
            [
              -89.718602,
              40.790909
            ],
            [
              -89.719023,
              40.786541
            ],
            [
              -89.725023,
              40.786512
            ],
            [
              -89.725816,
              40.788116
            ],
            [
              -89.727024,
              40.788513
            ],
            [
              -89.735261,
              40.788671
            ],
            [
              -89.735487,
              40.797372
            ],
            [
              -89.732224,
              40.798909
            ],
            [
              -89.735023,
              40.801223
            ],
            [
              -89.736404,
              40.800289
            ],
            [
              -89.739023,
              40.800238
            ],
            [
              -89.740049,
              40.798909
            ],
            [
              -89.738429,
              40.796909
            ],
            [
              -89.738779,
              40.790665
            ],
            [
              -89.745023,
              40.79059
            ],
            [
              -89.745673,
              40.792259
            ],
            [
              -89.751023,
              40.792602
            ],
            [
              -89.754354,
              40.79224
            ],
            [
              -89.755236,
              40.790697
            ],
            [
              -89.755313,
              40.795198
            ],
            [
              -89.753023,
              40.795501
            ],
            [
              -89.751615,
              40.796909
            ],
            [
              -89.752085,
              40.797848
            ],
            [
              -89.755525,
              40.798909
            ],
            [
              -89.75195,
              40.800909
            ],
            [
              -89.753729,
              40.802909
            ],
            [
              -89.750787,
              40.806672
            ],
            [
              -89.751023,
              40.808033
            ],
            [
              -89.753524,
              40.807409
            ],
            [
              -89.759023,
              40.80224
            ],
            [
              -89.763346,
              40.802586
            ],
            [
              -89.76415,
              40.807782
            ],
            [
              -89.769023,
              40.808365
            ],
            [
              -89.77168,
              40.810909
            ],
            [
              -89.771755,
              40.819641
            ],
            [
              -89.764745,
              40.820909
            ],
            [
              -89.77182,
              40.822112
            ],
            [
              -89.773964,
              40.823968
            ],
            [
              -89.775023,
              40.827209
            ],
            [
              -89.77606,
              40.824909
            ],
            [
              -89.775838,
              40.818909
            ],
            [
              -89.777023,
              40.817721
            ],
            [
              -89.779023,
              40.819159
            ],
            [
              -89.780168,
              40.818909
            ],
            [
              -89.779488,
              40.816909
            ],
            [
              -89.776398,
              40.815534
            ],
            [
              -89.777703,
              40.812229
            ],
            [
              -89.774543,
              40.81139
            ],
            [
              -89.774414,
              40.808909
            ],
            [
              -89.772463,
              40.806909
            ],
            [
              -89.774246,
              40.804909
            ],
            [
              -89.773838,
              40.804094
            ],
            [
              -89.771023,
              40.801548
            ],
            [
              -89.766714,
              40.801219
            ],
            [
              -89.766625,
              40.796909
            ],
            [
              -89.768205,
              40.796091
            ],
            [
              -89.769023,
              40.794539
            ],
            [
              -89.773024,
              40.794519
            ],
            [
              -89.773834,
              40.796098
            ],
            [
              -89.775023,
              40.796504
            ],
            [
              -89.779321,
              40.796612
            ],
            [
              -89.779871,
              40.802062
            ],
            [
              -89.781023,
              40.803758
            ],
            [
              -89.783023,
              40.803314
            ],
            [
              -89.787024,
              40.803873
            ],
            [
              -89.789023,
              40.803107
            ],
            [
              -89.793071,
              40.802957
            ],
            [
              -89.792716,
              40.800909
            ],
            [
              -89.789023,
              40.79987
            ],
            [
              -89.788318,
              40.798909
            ],
            [
              -89.788679,
              40.796564
            ],
            [
              -89.791376,
              40.796556
            ],
            [
              -89.793396,
              40.798536
            ],
            [
              -89.793566,
              40.800367
            ],
            [
              -89.795467,
              40.800466
            ],
            [
              -89.797023,
              40.801988
            ],
            [
              -89.801024,
              40.802258
            ],
            [
              -89.804204,
              40.805729
            ],
            [
              -89.807576,
              40.806356
            ],
            [
              -89.808529,
              40.809404
            ],
            [
              -89.811023,
              40.809938
            ],
            [
              -89.812105,
              40.810909
            ],
            [
              -89.812444,
              40.814329
            ],
            [
              -89.810936,
              40.814996
            ],
            [
              -89.813023,
              40.815575
            ],
            [
              -89.813636,
              40.812909
            ],
            [
              -89.815023,
              40.811802
            ],
            [
              -89.817943,
              40.813989
            ],
            [
              -89.819023,
              40.816039
            ],
            [
              -89.821356,
              40.814909
            ],
            [
              -89.820421,
              40.812909
            ],
            [
              -89.818146,
              40.811787
            ],
            [
              -89.817444,
              40.810488
            ],
            [
              -89.814435,
              40.809497
            ],
            [
              -89.814321,
              40.808207
            ],
            [
              -89.815789,
              40.806909
            ],
            [
              -89.811862,
              40.80407
            ],
            [
              -89.806926,
              40.803007
            ],
            [
              -89.807023,
              40.801541
            ],
            [
              -89.811023,
              40.80266
            ],
            [
              -89.815023,
              40.802527
            ],
            [
              -89.815814,
              40.804118
            ],
            [
              -89.817023,
              40.804513
            ],
            [
              -89.823023,
              40.804496
            ],
            [
              -89.824189,
              40.805743
            ],
            [
              -89.827023,
              40.806477
            ],
            [
              -89.829722,
              40.80821
            ],
            [
              -89.831023,
              40.809964
            ],
            [
              -89.833632,
              40.810301
            ],
            [
              -89.835023,
              40.812421
            ],
            [
              -89.837363,
              40.812569
            ],
            [
              -89.839023,
              40.81439
            ],
            [
              -89.843681,
              40.814252
            ],
            [
              -89.844063,
              40.81587
            ],
            [
              -89.847415,
              40.816517
            ],
            [
              -89.849023,
              40.818308
            ],
            [
              -89.851443,
              40.818489
            ],
            [
              -89.853023,
              40.82026
            ],
            [
              -89.857488,
              40.820444
            ],
            [
              -89.86154,
              40.824392
            ],
            [
              -89.862081,
              40.825852
            ],
            [
              -89.863023,
              40.826463
            ],
            [
              -89.865593,
              40.82634
            ],
            [
              -89.865816,
              40.828116
            ],
            [
              -89.871023,
              40.833655
            ],
            [
              -89.873009,
              40.832894
            ],
            [
              -89.873103,
              40.830909
            ],
            [
              -89.875023,
              40.829849
            ],
            [
              -89.875344,
              40.828589
            ],
            [
              -89.875023,
              40.827969
            ],
            [
              -89.874652,
              40.828538
            ],
            [
              -89.871558,
              40.828375
            ],
            [
              -89.871023,
              40.825134
            ],
            [
              -89.869023,
              40.825248
            ],
            [
              -89.867949,
              40.823983
            ],
            [
              -89.864457,
              40.823475
            ],
            [
              -89.859023,
              40.817614
            ],
            [
              -89.855023,
              40.817805
            ],
            [
              -89.853023,
              40.815539
            ],
            [
              -89.851023,
              40.816088
            ],
            [
              -89.849023,
              40.814176
            ],
            [
              -89.844216,
              40.813717
            ],
            [
              -89.843902,
              40.81203
            ],
            [
              -89.840409,
              40.811523
            ],
            [
              -89.839908,
              40.810024
            ],
            [
              -89.836697,
              40.809236
            ],
            [
              -89.835023,
              40.807393
            ],
            [
              -89.832321,
              40.807611
            ],
            [
              -89.829023,
              40.803353
            ],
            [
              -89.826738,
              40.803194
            ],
            [
              -89.826176,
              40.801757
            ],
            [
              -89.819023,
              40.801266
            ],
            [
              -89.818661,
              40.799272
            ],
            [
              -89.81373,
              40.798203
            ],
            [
              -89.812963,
              40.796969
            ],
            [
              -89.811023,
              40.79733
            ],
            [
              -89.810281,
              40.795652
            ],
            [
              -89.806792,
              40.795141
            ],
            [
              -89.806335,
              40.793597
            ],
            [
              -89.803023,
              40.793869
            ],
            [
              -89.801024,
              40.791241
            ],
            [
              -89.799023,
              40.792192
            ],
            [
              -89.797023,
              40.790033
            ],
            [
              -89.793023,
              40.789219
            ],
            [
              -89.789023,
              40.789868
            ],
            [
              -89.787024,
              40.787206
            ],
            [
              -89.780222,
              40.78771
            ],
            [
              -89.778677,
              40.784563
            ],
            [
              -89.779651,
              40.782909
            ],
            [
              -89.783669,
              40.782264
            ],
            [
              -89.785023,
              40.785136
            ],
            [
              -89.787793,
              40.781679
            ],
            [
              -89.790266,
              40.780909
            ],
            [
              -89.786282,
              40.779651
            ],
            [
              -89.785058,
              40.776909
            ],
            [
              -89.786241,
              40.774909
            ],
            [
              -89.785835,
              40.774097
            ],
            [
              -89.781937,
              40.772909
            ],
            [
              -89.783538,
              40.770909
            ],
            [
              -89.78337,
              40.768909
            ],
            [
              -89.781023,
              40.770066
            ],
            [
              -89.779023,
              40.768079
            ],
            [
              -89.777629,
              40.769514
            ],
            [
              -89.774111,
              40.769996
            ],
            [
              -89.773024,
              40.775296
            ],
            [
              -89.760852,
              40.77508
            ],
            [
              -89.760444,
              40.773489
            ],
            [
              -89.756861,
              40.773072
            ],
            [
              -89.756712,
              40.770909
            ],
            [
              -89.7584,
              40.770285
            ],
            [
              -89.758712,
              40.768909
            ],
            [
              -89.758659,
              40.760545
            ],
            [
              -89.762353,
              40.758909
            ],
            [
              -89.757023,
              40.75724
            ],
            [
              -89.755023,
              40.757443
            ],
            [
              -89.753557,
              40.758909
            ],
            [
              -89.753435,
              40.762909
            ],
            [
              -89.752699,
              40.763233
            ],
            [
              -89.752075,
              40.759858
            ],
            [
              -89.748655,
              40.758909
            ],
            [
              -89.750481,
              40.756909
            ],
            [
              -89.750073,
              40.75386
            ],
            [
              -89.746668,
              40.752909
            ],
            [
              -89.746768,
              40.750654
            ],
            [
              -89.748243,
              40.750128
            ],
            [
              -89.749347,
              40.748586
            ],
            [
              -89.751023,
              40.75026
            ],
            [
              -89.754047,
              40.750909
            ],
            [
              -89.75417,
              40.752909
            ],
            [
              -89.757023,
              40.755827
            ],
            [
              -89.758264,
              40.750909
            ],
            [
              -89.760261,
              40.748909
            ],
            [
              -89.760309,
              40.746909
            ],
            [
              -89.765023,
              40.746316
            ],
            [
              -89.767023,
              40.747846
            ],
            [
              -89.779023,
              40.747979
            ],
            [
              -89.781023,
              40.74988
            ],
            [
              -89.783838,
              40.750095
            ],
            [
              -89.787024,
              40.753078
            ],
            [
              -89.790203,
              40.752909
            ],
            [
              -89.787024,
              40.748297
            ],
            [
              -89.783023,
              40.747999
            ],
            [
              -89.781023,
              40.745911
            ],
            [
              -89.777023,
              40.745757
            ],
            [
              -89.775023,
              40.7441
            ],
            [
              -89.77056,
              40.743373
            ],
            [
              -89.770411,
              40.740296
            ],
            [
              -89.773582,
              40.739468
            ],
            [
              -89.775023,
              40.737607
            ],
            [
              -89.777023,
              40.737947
            ],
            [
              -89.779023,
              40.737127
            ],
            [
              -89.779023,
              40.735687
            ],
            [
              -89.775023,
              40.736424
            ],
            [
              -89.773024,
              40.735127
            ],
            [
              -89.771023,
              40.737963
            ],
            [
              -89.769023,
              40.735976
            ],
            [
              -89.76809,
              40.736909
            ],
            [
              -89.76759,
              40.741476
            ],
            [
              -89.765023,
              40.741657
            ],
            [
              -89.763023,
              40.743476
            ],
            [
              -89.750729,
              40.743203
            ],
            [
              -89.750392,
              40.738909
            ],
            [
              -89.748462,
              40.736909
            ],
            [
              -89.750421,
              40.734909
            ],
            [
              -89.750408,
              40.732909
            ],
            [
              -89.748546,
              40.730909
            ],
            [
              -89.74857,
              40.728909
            ],
            [
              -89.751738,
              40.725623
            ],
            [
              -89.75267,
              40.722556
            ],
            [
              -89.757023,
              40.722242
            ],
            [
              -89.759023,
              40.724006
            ],
            [
              -89.760121,
              40.722909
            ],
            [
              -89.760256,
              40.720909
            ],
            [
              -89.755908,
              40.716024
            ],
            [
              -89.748683,
              40.714909
            ],
            [
              -89.750264,
              40.71415
            ],
            [
              -89.750671,
              40.710909
            ],
            [
              -89.750355,
              40.705578
            ],
            [
              -89.748738,
              40.704909
            ],
            [
              -89.74877,
              40.696909
            ],
            [
              -89.750526,
              40.696411
            ],
            [
              -89.750856,
              40.694742
            ],
            [
              -89.755203,
              40.694729
            ],
            [
              -89.755726,
              40.698207
            ],
            [
              -89.757411,
              40.698521
            ],
            [
              -89.75789,
              40.700042
            ],
            [
              -89.75928,
              40.700652
            ],
            [
              -89.759796,
              40.710909
            ],
            [
              -89.761023,
              40.712136
            ],
            [
              -89.768298,
              40.710909
            ],
            [
              -89.762515,
              40.709417
            ],
            [
              -89.762533,
              40.704909
            ],
            [
              -89.765023,
              40.702424
            ],
            [
              -89.767977,
              40.701863
            ],
            [
              -89.768514,
              40.7004
            ],
            [
              -89.772078,
              40.699963
            ],
            [
              -89.772551,
              40.698909
            ],
            [
              -89.770583,
              40.696469
            ],
            [
              -89.772135,
              40.69602
            ],
            [
              -89.773024,
              40.694597
            ],
            [
              -89.780342,
              40.694228
            ],
            [
              -89.781023,
              40.69257
            ],
            [
              -89.783394,
              40.692909
            ],
            [
              -89.783769,
              40.702909
            ],
            [
              -89.783023,
              40.704016
            ],
            [
              -89.78061,
              40.704495
            ],
            [
              -89.781023,
              40.706085
            ],
            [
              -89.787624,
              40.70551
            ],
            [
              -89.789023,
              40.698339
            ],
            [
              -89.790563,
              40.698909
            ],
            [
              -89.791023,
              40.701114
            ],
            [
              -89.792271,
              40.700157
            ],
            [
              -89.795023,
              40.700248
            ],
            [
              -89.797023,
              40.698371
            ],
            [
              -89.799023,
              40.700218
            ],
            [
              -89.801024,
              40.700054
            ],
            [
              -89.801828,
              40.700909
            ],
            [
              -89.80023,
              40.702909
            ],
            [
              -89.801024,
              40.706423
            ],
            [
              -89.80224,
              40.704125
            ],
            [
              -89.804048,
              40.702909
            ],
            [
              -89.804686,
              40.696572
            ],
            [
              -89.807023,
              40.698177
            ],
            [
              -89.809409,
              40.696523
            ],
            [
              -89.813797,
              40.700909
            ],
            [
              -89.815023,
              40.706528
            ],
            [
              -89.817023,
              40.698318
            ],
            [
              -89.831023,
              40.698104
            ],
            [
              -89.832016,
              40.698909
            ],
            [
              -89.833024,
              40.702737
            ],
            [
              -89.835023,
              40.697997
            ],
            [
              -89.843023,
              40.697705
            ],
            [
              -89.845023,
              40.699769
            ],
            [
              -89.847024,
              40.697484
            ],
            [
              -89.851023,
              40.697673
            ],
            [
              -89.852921,
              40.696909
            ],
            [
              -89.835023,
              40.695821
            ],
            [
              -89.833953,
              40.694909
            ],
            [
              -89.833024,
              40.691751
            ],
            [
              -89.832094,
              40.694909
            ],
            [
              -89.831023,
              40.695713
            ],
            [
              -89.8156,
              40.695485
            ],
            [
              -89.813023,
              40.693451
            ],
            [
              -89.807023,
              40.693394
            ],
            [
              -89.805023,
              40.691379
            ],
            [
              -89.800728,
              40.691204
            ],
            [
              -89.801024,
              40.690418
            ],
            [
              -89.810081,
              40.689967
            ],
            [
              -89.815563,
              40.688909
            ],
            [
              -89.802673,
              40.687259
            ],
            [
              -89.803023,
              40.684193
            ],
            [
              -89.811409,
              40.682909
            ],
            [
              -89.802588,
              40.681345
            ],
            [
              -89.801024,
              40.664363
            ],
            [
              -89.799938,
              40.664909
            ],
            [
              -89.800546,
              40.665387
            ],
            [
              -89.799625,
              40.673511
            ],
            [
              -89.793526,
              40.674909
            ],
            [
              -89.799023,
              40.675986
            ],
            [
              -89.799798,
              40.676909
            ],
            [
              -89.799585,
              40.684909
            ],
            [
              -89.797374,
              40.687259
            ],
            [
              -89.795023,
              40.687439
            ],
            [
              -89.793023,
              40.689304
            ],
            [
              -89.786774,
              40.689159
            ],
            [
              -89.78614,
              40.678909
            ],
            [
              -89.787367,
              40.676566
            ],
            [
              -89.785023,
              40.674441
            ],
            [
              -89.78327,
              40.689155
            ],
            [
              -89.781023,
              40.687311
            ],
            [
              -89.776764,
              40.687169
            ],
            [
              -89.775081,
              40.670909
            ],
            [
              -89.779439,
              40.668909
            ],
            [
              -89.776273,
              40.667659
            ],
            [
              -89.776647,
              40.662532
            ],
            [
              -89.797023,
              40.661773
            ],
            [
              -89.799023,
              40.662589
            ],
            [
              -89.802498,
              40.660909
            ],
            [
              -89.800057,
              40.659876
            ],
            [
              -89.799023,
              40.657062
            ],
            [
              -89.798613,
              40.658909
            ],
            [
              -89.797023,
              40.660044
            ],
            [
              -89.79431,
              40.659623
            ],
            [
              -89.793023,
              40.658209
            ],
            [
              -89.791694,
              40.659579
            ],
            [
              -89.789023,
              40.659709
            ],
            [
              -89.787937,
              40.658909
            ],
            [
              -89.787024,
              40.655421
            ],
            [
              -89.785023,
              40.653761
            ],
            [
              -89.783505,
              40.65939
            ],
            [
              -89.773024,
              40.659415
            ],
            [
              -89.771023,
              40.648776
            ],
            [
              -89.76935,
              40.659236
            ],
            [
              -89.768529,
              40.658909
            ],
            [
              -89.767938,
              40.655994
            ],
            [
              -89.765023,
              40.655537
            ],
            [
              -89.763557,
              40.657442
            ],
            [
              -89.759868,
              40.657754
            ],
            [
              -89.759023,
              40.659289
            ],
            [
              -89.758248,
              40.657685
            ],
            [
              -89.757023,
              40.657297
            ],
            [
              -89.755799,
              40.657685
            ],
            [
              -89.755023,
              40.659266
            ],
            [
              -89.754084,
              40.655848
            ],
            [
              -89.753023,
              40.655379
            ],
            [
              -89.751283,
              40.657169
            ],
            [
              -89.748691,
              40.656909
            ],
            [
              -89.748649,
              40.648534
            ],
            [
              -89.751023,
              40.646084
            ],
            [
              -89.757427,
              40.644909
            ],
            [
              -89.753023,
              40.643957
            ],
            [
              -89.751023,
              40.642085
            ],
            [
              -89.749691,
              40.643576
            ],
            [
              -89.746143,
              40.644029
            ],
            [
              -89.745595,
              40.646909
            ],
            [
              -89.743654,
              40.648909
            ],
            [
              -89.745462,
              40.650909
            ],
            [
              -89.745023,
              40.65521
            ],
            [
              -89.742828,
              40.655104
            ],
            [
              -89.742209,
              40.649724
            ],
            [
              -89.739023,
              40.647414
            ],
            [
              -89.737529,
              40.648909
            ],
            [
              -89.737485,
              40.650909
            ],
            [
              -89.739288,
              40.652644
            ],
            [
              -89.739023,
              40.655186
            ],
            [
              -89.737023,
              40.655179
            ],
            [
              -89.736475,
              40.653457
            ],
            [
              -89.734752,
              40.65318
            ],
            [
              -89.731561,
              40.653447
            ],
            [
              -89.731023,
              40.655161
            ],
            [
              -89.730474,
              40.653459
            ],
            [
              -89.728851,
              40.653082
            ],
            [
              -89.72851,
              40.651422
            ],
            [
              -89.726848,
              40.651084
            ],
            [
              -89.726485,
              40.649448
            ],
            [
              -89.724745,
              40.648909
            ],
            [
              -89.726379,
              40.648265
            ],
            [
              -89.726701,
              40.646909
            ],
            [
              -89.726379,
              40.645553
            ],
            [
              -89.724742,
              40.644909
            ],
            [
              -89.724842,
              40.640727
            ],
            [
              -89.727242,
              40.64069
            ],
            [
              -89.727856,
              40.644077
            ],
            [
              -89.731023,
              40.646367
            ],
            [
              -89.732682,
              40.644567
            ],
            [
              -89.736014,
              40.6439
            ],
            [
              -89.736574,
              40.636909
            ],
            [
              -89.735023,
              40.635359
            ],
            [
              -89.733023,
              40.637277
            ],
            [
              -89.732265,
              40.635668
            ],
            [
              -89.731023,
              40.635288
            ],
            [
              -89.729782,
              40.635668
            ],
            [
              -89.729023,
              40.637234
            ],
            [
              -89.725023,
              40.637194
            ],
            [
              -89.724445,
              40.635487
            ],
            [
              -89.72085,
              40.635083
            ],
            [
              -89.721023,
              40.626635
            ],
            [
              -89.735023,
              40.626575
            ],
            [
              -89.735852,
              40.628081
            ],
            [
              -89.737023,
              40.628495
            ],
            [
              -89.739789,
              40.628143
            ],
            [
              -89.741023,
              40.629175
            ],
            [
              -89.745023,
              40.629815
            ],
            [
              -89.746806,
              40.631126
            ],
            [
              -89.751023,
              40.632215
            ],
            [
              -89.754375,
              40.628909
            ],
            [
              -89.752703,
              40.626589
            ],
            [
              -89.755367,
              40.626566
            ],
            [
              -89.757627,
              40.628909
            ],
            [
              -89.754276,
              40.632909
            ],
            [
              -89.756448,
              40.633484
            ],
            [
              -89.756951,
              40.634982
            ],
            [
              -89.759023,
              40.635581
            ],
            [
              -89.761023,
              40.635731
            ],
            [
              -89.762149,
              40.634035
            ],
            [
              -89.763023,
              40.634156
            ],
            [
              -89.765615,
              40.636318
            ],
            [
              -89.766249,
              40.640909
            ],
            [
              -89.764314,
              40.642909
            ],
            [
              -89.767023,
              40.646467
            ],
            [
              -89.768419,
              40.632909
            ],
            [
              -89.764536,
              40.631396
            ],
            [
              -89.760657,
              40.626542
            ],
            [
              -89.769023,
              40.626203
            ],
            [
              -89.771023,
              40.627745
            ],
            [
              -89.773024,
              40.626097
            ],
            [
              -89.774272,
              40.626909
            ],
            [
              -89.775023,
              40.629103
            ],
            [
              -89.777023,
              40.625953
            ],
            [
              -89.785023,
              40.626058
            ],
            [
              -89.789146,
              40.624909
            ],
            [
              -89.777023,
              40.623865
            ],
            [
              -89.775023,
              40.619238
            ],
            [
              -89.774016,
              40.622909
            ],
            [
              -89.773024,
              40.623721
            ],
            [
              -89.765023,
              40.623534
            ],
            [
              -89.763023,
              40.62156
            ],
            [
              -89.761023,
              40.623467
            ],
            [
              -89.758677,
              40.623255
            ],
            [
              -89.75777,
              40.604909
            ],
            [
              -89.758895,
              40.602909
            ],
            [
              -89.757734,
              40.602198
            ],
            [
              -89.757023,
              40.600043
            ],
            [
              -89.756324,
              40.60221
            ],
            [
              -89.753082,
              40.604909
            ],
            [
              -89.755023,
              40.605523
            ],
            [
              -89.756119,
              40.606909
            ],
            [
              -89.754219,
              40.608909
            ],
            [
              -89.755678,
              40.610254
            ],
            [
              -89.755802,
              40.612909
            ],
            [
              -89.752977,
              40.614909
            ],
            [
              -89.755674,
              40.616909
            ],
            [
              -89.75536,
              40.623245
            ],
            [
              -89.749023,
              40.623339
            ],
            [
              -89.745023,
              40.619368
            ],
            [
              -89.741835,
              40.62172
            ],
            [
              -89.741023,
              40.62328
            ],
            [
              -89.740311,
              40.621622
            ],
            [
              -89.738774,
              40.621158
            ],
            [
              -89.738165,
              40.619768
            ],
            [
              -89.737023,
              40.619338
            ],
            [
              -89.735882,
              40.619768
            ],
            [
              -89.73527,
              40.621156
            ],
            [
              -89.733716,
              40.621601
            ],
            [
              -89.733023,
              40.623234
            ],
            [
              -89.731023,
              40.623225
            ],
            [
              -89.730369,
              40.621564
            ],
            [
              -89.728701,
              40.621232
            ],
            [
              -89.72566,
              40.621545
            ],
            [
              -89.725023,
              40.623198
            ],
            [
              -89.722836,
              40.623096
            ],
            [
              -89.72245,
              40.621482
            ],
            [
              -89.720742,
              40.620909
            ],
            [
              -89.722344,
              40.620229
            ],
            [
              -89.722684,
              40.618909
            ],
            [
              -89.722344,
              40.617589
            ],
            [
              -89.72072,
              40.616909
            ],
            [
              -89.720763,
              40.612648
            ],
            [
              -89.723023,
              40.610321
            ],
            [
              -89.725545,
              40.610388
            ],
            [
              -89.727024,
              40.612594
            ],
            [
              -89.729023,
              40.611878
            ],
            [
              -89.730152,
              40.608909
            ],
            [
              -89.729023,
              40.607781
            ],
            [
              -89.727024,
              40.607686
            ],
            [
              -89.726138,
              40.606909
            ],
            [
              -89.727682,
              40.604909
            ],
            [
              -89.727024,
              40.602301
            ],
            [
              -89.725023,
              40.604058
            ],
            [
              -89.723023,
              40.601535
            ],
            [
              -89.719023,
              40.601711
            ],
            [
              -89.718224,
              40.599708
            ],
            [
              -89.71667,
              40.598909
            ],
            [
              -89.723729,
              40.597615
            ],
            [
              -89.725023,
              40.596333
            ],
            [
              -89.727024,
              40.596257
            ],
            [
              -89.728275,
              40.596909
            ],
            [
              -89.729023,
              40.60004
            ],
            [
              -89.731023,
              40.597907
            ],
            [
              -89.734066,
              40.597867
            ],
            [
              -89.735023,
              40.598804
            ],
            [
              -89.735625,
              40.596307
            ],
            [
              -89.734827,
              40.593105
            ],
            [
              -89.733023,
              40.592743
            ],
            [
              -89.731023,
              40.593792
            ],
            [
              -89.723023,
              40.593006
            ],
            [
              -89.721023,
              40.595684
            ],
            [
              -89.717023,
              40.595299
            ],
            [
              -89.716308,
              40.593625
            ],
            [
              -89.713024,
              40.593243
            ],
            [
              -89.712409,
              40.591524
            ],
            [
              -89.710726,
              40.590909
            ],
            [
              -89.712329,
              40.590214
            ],
            [
              -89.712676,
              40.588909
            ],
            [
              -89.712285,
              40.584909
            ],
            [
              -89.715023,
              40.582536
            ],
            [
              -89.71936,
              40.582572
            ],
            [
              -89.720341,
              40.585591
            ],
            [
              -89.721825,
              40.586909
            ],
            [
              -89.723023,
              40.59239
            ],
            [
              -89.725169,
              40.590909
            ],
            [
              -89.724108,
              40.589824
            ],
            [
              -89.724394,
              40.588279
            ],
            [
              -89.727024,
              40.587589
            ],
            [
              -89.729023,
              40.589747
            ],
            [
              -89.730416,
              40.588302
            ],
            [
              -89.735702,
              40.58823
            ],
            [
              -89.737023,
              40.591606
            ],
            [
              -89.743803,
              40.587688
            ],
            [
              -89.747384,
              40.586909
            ],
            [
              -89.739023,
              40.585488
            ],
            [
              -89.737023,
              40.585925
            ],
            [
              -89.732525,
              40.585407
            ],
            [
              -89.732394,
              40.582909
            ],
            [
              -89.73397,
              40.580909
            ],
            [
              -89.734519,
              40.578404
            ],
            [
              -89.739676,
              40.576909
            ],
            [
              -89.738253,
              40.57568
            ],
            [
              -89.737023,
              40.572733
            ],
            [
              -89.735667,
              40.575552
            ],
            [
              -89.728691,
              40.575241
            ],
            [
              -89.728748,
              40.570633
            ],
            [
              -89.733023,
              40.570343
            ],
            [
              -89.73473,
              40.568615
            ],
            [
              -89.7382,
              40.568086
            ],
            [
              -89.739303,
              40.566629
            ],
            [
              -89.74151,
              40.568909
            ],
            [
              -89.742105,
              40.571827
            ],
            [
              -89.745412,
              40.57252
            ],
            [
              -89.747463,
              40.574469
            ],
            [
              -89.749023,
              40.582266
            ],
            [
              -89.750418,
              40.578303
            ],
            [
              -89.75744,
              40.576909
            ],
            [
              -89.753023,
              40.575986
            ],
            [
              -89.750148,
              40.573784
            ],
            [
              -89.747965,
              40.569967
            ],
            [
              -89.744659,
              40.569274
            ],
            [
              -89.744546,
              40.566909
            ],
            [
              -89.74275,
              40.564635
            ],
            [
              -89.751023,
              40.564389
            ],
            [
              -89.753023,
              40.562429
            ],
            [
              -89.761023,
              40.562362
            ],
            [
              -89.763668,
              40.561554
            ],
            [
              -89.765023,
              40.560313
            ],
            [
              -89.773024,
              40.560201
            ],
            [
              -89.773929,
              40.560909
            ],
            [
              -89.774356,
              40.566909
            ],
            [
              -89.773389,
              40.568909
            ],
            [
              -89.777378,
              40.568909
            ],
            [
              -89.775861,
              40.568071
            ],
            [
              -89.776011,
              40.562909
            ],
            [
              -89.780445,
              40.55833
            ],
            [
              -89.787024,
              40.557683
            ],
            [
              -89.789023,
              40.55571
            ],
            [
              -89.792624,
              40.554909
            ],
            [
              -89.79546,
              40.553345
            ],
            [
              -89.79869,
              40.552909
            ],
            [
              -89.789023,
              40.552174
            ],
            [
              -89.787809,
              40.553695
            ],
            [
              -89.78257,
              40.554455
            ],
            [
              -89.781023,
              40.556026
            ],
            [
              -89.777023,
              40.554264
            ],
            [
              -89.774204,
              40.554089
            ],
            [
              -89.771023,
              40.555866
            ],
            [
              -89.767023,
              40.555677
            ],
            [
              -89.765023,
              40.557505
            ],
            [
              -89.757023,
              40.557822
            ],
            [
              -89.755023,
              40.559404
            ],
            [
              -89.752696,
              40.559236
            ],
            [
              -89.752128,
              40.554909
            ],
            [
              -89.751023,
              40.553805
            ],
            [
              -89.746634,
              40.556909
            ],
            [
              -89.746609,
              40.558909
            ],
            [
              -89.743023,
              40.55905
            ],
            [
              -89.741359,
              40.561245
            ],
            [
              -89.735023,
              40.561568
            ],
            [
              -89.733023,
              40.563845
            ],
            [
              -89.732004,
              40.562909
            ],
            [
              -89.73209,
              40.559975
            ],
            [
              -89.733986,
              40.558909
            ],
            [
              -89.731023,
              40.558006
            ],
            [
              -89.729356,
              40.561241
            ],
            [
              -89.727295,
              40.56318
            ],
            [
              -89.722044,
              40.563929
            ],
            [
              -89.717645,
              40.565531
            ],
            [
              -89.717226,
              40.567112
            ],
            [
              -89.715621,
              40.567506
            ],
            [
              -89.71522,
              40.569105
            ],
            [
              -89.709652,
              40.569537
            ],
            [
              -89.709023,
              40.571199
            ],
            [
              -89.708303,
              40.569629
            ],
            [
              -89.70459,
              40.569342
            ],
            [
              -89.703023,
              40.564628
            ],
            [
              -89.701543,
              40.568909
            ],
            [
              -89.703457,
              40.570475
            ],
            [
              -89.703232,
              40.571118
            ],
            [
              -89.697573,
              40.571459
            ],
            [
              -89.697203,
              40.573088
            ],
            [
              -89.695548,
              40.573434
            ],
            [
              -89.695196,
              40.575081
            ],
            [
              -89.693529,
              40.575414
            ],
            [
              -89.693191,
              40.577076
            ],
            [
              -89.691534,
              40.577419
            ],
            [
              -89.691023,
              40.579161
            ],
            [
              -89.69033,
              40.571602
            ],
            [
              -89.673023,
              40.571446
            ],
            [
              -89.672326,
              40.565607
            ],
            [
              -89.671023,
              40.563147
            ],
            [
              -89.669721,
              40.565607
            ],
            [
              -89.669219,
              40.571104
            ],
            [
              -89.654916,
              40.571016
            ],
            [
              -89.656689,
              40.570574
            ],
            [
              -89.656911,
              40.568797
            ],
            [
              -89.658682,
              40.568567
            ],
            [
              -89.658908,
              40.566793
            ],
            [
              -89.660671,
              40.566557
            ],
            [
              -89.660904,
              40.564789
            ],
            [
              -89.662659,
              40.564545
            ],
            [
              -89.662899,
              40.562785
            ],
            [
              -89.664644,
              40.56253
            ],
            [
              -89.664895,
              40.56078
            ],
            [
              -89.668557,
              40.560442
            ],
            [
              -89.668866,
              40.558752
            ],
            [
              -89.670842,
              40.556727
            ],
            [
              -89.674655,
              40.554909
            ],
            [
              -89.674241,
              40.551692
            ],
            [
              -89.670686,
              40.548909
            ],
            [
              -89.670694,
              40.546909
            ],
            [
              -89.672538,
              40.544909
            ],
            [
              -89.672269,
              40.543664
            ],
            [
              -89.668814,
              40.543118
            ],
            [
              -89.668385,
              40.541547
            ],
            [
              -89.666852,
              40.540737
            ],
            [
              -89.673253,
              40.54068
            ],
            [
              -89.674315,
              40.543618
            ],
            [
              -89.677023,
              40.543544
            ],
            [
              -89.681023,
              40.546514
            ],
            [
              -89.682546,
              40.544431
            ],
            [
              -89.687023,
              40.544149
            ],
            [
              -89.688074,
              40.542909
            ],
            [
              -89.687023,
              40.540744
            ],
            [
              -89.703023,
              40.540418
            ],
            [
              -89.705023,
              40.538428
            ],
            [
              -89.715023,
              40.538282
            ],
            [
              -89.718545,
              40.53443
            ],
            [
              -89.721023,
              40.534096
            ],
            [
              -89.723023,
              40.532008
            ],
            [
              -89.725682,
              40.531568
            ],
            [
              -89.728186,
              40.528072
            ],
            [
              -89.731285,
              40.52717
            ],
            [
              -89.731595,
              40.525481
            ],
            [
              -89.73314,
              40.524792
            ],
            [
              -89.731448,
              40.524485
            ],
            [
              -89.730105,
              40.525991
            ],
            [
              -89.727024,
              40.526197
            ],
            [
              -89.723678,
              40.529563
            ],
            [
              -89.721023,
              40.529764
            ],
            [
              -89.719556,
              40.531442
            ],
            [
              -89.716183,
              40.532069
            ],
            [
              -89.715023,
              40.533561
            ],
            [
              -89.713024,
              40.527534
            ],
            [
              -89.711641,
              40.531527
            ],
            [
              -89.709185,
              40.532909
            ],
            [
              -89.709297,
              40.535182
            ],
            [
              -89.701023,
              40.535357
            ],
            [
              -89.699023,
              40.537333
            ],
            [
              -89.695023,
              40.537302
            ],
            [
              -89.69469,
              40.534575
            ],
            [
              -89.697023,
              40.532208
            ],
            [
              -89.699023,
              40.532093
            ],
            [
              -89.701023,
              40.529876
            ],
            [
              -89.703405,
              40.529291
            ],
            [
              -89.703215,
              40.526717
            ],
            [
              -89.701918,
              40.527803
            ],
            [
              -89.699023,
              40.527875
            ],
            [
              -89.697023,
              40.528804
            ],
            [
              -89.69484,
              40.524909
            ],
            [
              -89.695158,
              40.522909
            ],
            [
              -89.693023,
              40.521261
            ],
            [
              -89.691023,
              40.521982
            ],
            [
              -89.666832,
              40.521101
            ],
            [
              -89.666808,
              40.518694
            ],
            [
              -89.668275,
              40.51816
            ],
            [
              -89.668649,
              40.516909
            ],
            [
              -89.668275,
              40.515658
            ],
            [
              -89.666707,
              40.514909
            ],
            [
              -89.667023,
              40.510516
            ],
            [
              -89.680218,
              40.510104
            ],
            [
              -89.687391,
              40.508909
            ],
            [
              -89.682063,
              40.50787
            ],
            [
              -89.668744,
              40.507189
            ],
            [
              -89.668619,
              40.500504
            ],
            [
              -89.670135,
              40.498909
            ],
            [
              -89.669023,
              40.497798
            ],
            [
              -89.667023,
              40.497512
            ],
            [
              -89.666671,
              40.496557
            ],
            [
              -89.679323,
              40.494909
            ],
            [
              -89.677703,
              40.49423
            ],
            [
              -89.665023,
              40.493424
            ],
            [
              -89.664518,
              40.492909
            ],
            [
              -89.668128,
              40.490909
            ],
            [
              -89.664448,
              40.488909
            ],
            [
              -89.668168,
              40.484909
            ],
            [
              -89.667645,
              40.482909
            ],
            [
              -89.668363,
              40.480249
            ],
            [
              -89.671869,
              40.480063
            ],
            [
              -89.673023,
              40.482349
            ],
            [
              -89.675023,
              40.479479
            ],
            [
              -89.677023,
              40.480188
            ],
            [
              -89.67931,
              40.478909
            ],
            [
              -89.675023,
              40.478339
            ],
            [
              -89.673023,
              40.476755
            ],
            [
              -89.671023,
              40.478047
            ],
            [
              -89.664455,
              40.477478
            ],
            [
              -89.663023,
              40.465704
            ],
            [
              -89.661868,
              40.471753
            ],
            [
              -89.658866,
              40.472909
            ],
            [
              -89.659702,
              40.474909
            ],
            [
              -89.65547,
              40.477355
            ],
            [
              -89.653023,
              40.476933
            ],
            [
              -89.651023,
              40.479591
            ],
            [
              -89.649023,
              40.477651
            ],
            [
              -89.647023,
              40.479524
            ],
            [
              -89.63671,
              40.479222
            ],
            [
              -89.635023,
              40.46725
            ],
            [
              -89.631536,
              40.468909
            ],
            [
              -89.633773,
              40.472159
            ],
            [
              -89.633328,
              40.479213
            ],
            [
              -89.616803,
              40.47913
            ],
            [
              -89.616667,
              40.472552
            ],
            [
              -89.621023,
              40.47213
            ],
            [
              -89.623023,
              40.469926
            ],
            [
              -89.625023,
              40.471177
            ],
            [
              -89.628273,
              40.468909
            ],
            [
              -89.623023,
              40.46757
            ],
            [
              -89.620307,
              40.468193
            ],
            [
              -89.619543,
              40.469428
            ],
            [
              -89.617023,
              40.469501
            ],
            [
              -89.615023,
              40.467419
            ],
            [
              -89.608775,
              40.467157
            ],
            [
              -89.608734,
              40.46462
            ],
            [
              -89.61187,
              40.463756
            ],
            [
              -89.612193,
              40.461739
            ],
            [
              -89.611023,
              40.459296
            ],
            [
              -89.609491,
              40.461376
            ],
            [
              -89.608596,
              40.460909
            ],
            [
              -89.608403,
              40.448909
            ],
            [
              -89.60634,
              40.446909
            ],
            [
              -89.606008,
              40.438909
            ],
            [
              -89.607023,
              40.4376
            ],
            [
              -89.609565,
              40.436909
            ],
            [
              -89.606187,
              40.435745
            ],
            [
              -89.605023,
              40.43059
            ],
            [
              -89.603913,
              40.435798
            ],
            [
              -89.601827,
              40.436909
            ],
            [
              -89.603023,
              40.437298
            ],
            [
              -89.604039,
              40.438909
            ],
            [
              -89.603695,
              40.44358
            ],
            [
              -89.602148,
              40.446909
            ],
            [
              -89.605601,
              40.450909
            ],
            [
              -89.601874,
              40.452909
            ],
            [
              -89.602257,
              40.453675
            ],
            [
              -89.605529,
              40.454909
            ],
            [
              -89.605288,
              40.463174
            ],
            [
              -89.602437,
              40.461496
            ],
            [
              -89.601927,
              40.460005
            ],
            [
              -89.599023,
              40.457848
            ],
            [
              -89.597254,
              40.458909
            ],
            [
              -89.598316,
              40.461616
            ],
            [
              -89.60161,
              40.462322
            ],
            [
              -89.601023,
              40.464421
            ],
            [
              -89.597023,
              40.46399
            ],
            [
              -89.595023,
              40.465706
            ],
            [
              -89.585023,
              40.465342
            ],
            [
              -89.583977,
              40.463956
            ],
            [
              -89.581023,
              40.463315
            ],
            [
              -89.579835,
              40.463721
            ],
            [
              -89.579023,
              40.465245
            ],
            [
              -89.575023,
              40.465363
            ],
            [
              -89.572549,
              40.463383
            ],
            [
              -89.563023,
              40.463226
            ],
            [
              -89.561657,
              40.463543
            ],
            [
              -89.561023,
              40.465202
            ],
            [
              -89.557023,
              40.465168
            ],
            [
              -89.557023,
              40.46056
            ],
            [
              -89.561023,
              40.46049
            ],
            [
              -89.563023,
              40.462403
            ],
            [
              -89.565023,
              40.46231
            ],
            [
              -89.566424,
              40.460909
            ],
            [
              -89.560556,
              40.454909
            ],
            [
              -89.561023,
              40.454332
            ],
            [
              -89.56375,
              40.454182
            ],
            [
              -89.565023,
              40.456089
            ],
            [
              -89.566204,
              40.454909
            ],
            [
              -89.564297,
              40.453635
            ],
            [
              -89.565762,
              40.450909
            ],
            [
              -89.563825,
              40.448909
            ],
            [
              -89.56412,
              40.446909
            ],
            [
              -89.563023,
              40.446183
            ],
            [
              -89.561023,
              40.450772
            ],
            [
              -89.558047,
              40.451932
            ],
            [
              -89.557277,
              40.457162
            ],
            [
              -89.553661,
              40.457547
            ],
            [
              -89.553188,
              40.465073
            ],
            [
              -89.552548,
              40.463384
            ],
            [
              -89.551023,
              40.463147
            ],
            [
              -89.549499,
              40.463384
            ],
            [
              -89.549174,
              40.465059
            ],
            [
              -89.547453,
              40.465339
            ],
            [
              -89.547142,
              40.473027
            ],
            [
              -89.541354,
              40.47324
            ],
            [
              -89.540923,
              40.475009
            ],
            [
              -89.540708,
              40.469224
            ],
            [
              -89.538917,
              40.469016
            ],
            [
              -89.538701,
              40.467232
            ],
            [
              -89.536914,
              40.467018
            ],
            [
              -89.53666,
              40.463273
            ],
            [
              -89.532908,
              40.463024
            ],
            [
              -89.532844,
              40.460909
            ],
            [
              -89.534643,
              40.460529
            ],
            [
              -89.53489,
              40.458776
            ],
            [
              -89.536611,
              40.458496
            ],
            [
              -89.537023,
              40.45668
            ],
            [
              -89.540536,
              40.456422
            ],
            [
              -89.541023,
              40.454653
            ],
            [
              -89.546429,
              40.454314
            ],
            [
              -89.546429,
              40.451504
            ],
            [
              -89.533481,
              40.451367
            ],
            [
              -89.533023,
              40.455112
            ],
            [
              -89.532812,
              40.446909
            ],
            [
              -89.546377,
              40.446262
            ],
            [
              -89.54677,
              40.442655
            ],
            [
              -89.548544,
              40.440909
            ],
            [
              -89.548669,
              40.436554
            ],
            [
              -89.550387,
              40.434909
            ],
            [
              -89.549952,
              40.432909
            ],
            [
              -89.552362,
              40.430909
            ],
            [
              -89.549023,
              40.429981
            ],
            [
              -89.548104,
              40.428909
            ],
            [
              -89.548949,
              40.426909
            ],
            [
              -89.548207,
              40.424909
            ],
            [
              -89.55028,
              40.422909
            ],
            [
              -89.549023,
              40.415656
            ],
            [
              -89.547506,
              40.421391
            ],
            [
              -89.531023,
              40.421222
            ],
            [
              -89.532671,
              40.418909
            ],
            [
              -89.532319,
              40.417613
            ],
            [
              -89.53068,
              40.416909
            ],
            [
              -89.532277,
              40.416162
            ],
            [
              -89.53265,
              40.414909
            ],
            [
              -89.532277,
              40.413656
            ],
            [
              -89.53065,
              40.412909
            ],
            [
              -89.530632,
              40.410909
            ],
            [
              -89.531523,
              40.41041
            ],
            [
              -89.547023,
              40.410104
            ],
            [
              -89.548094,
              40.410909
            ],
            [
              -89.549023,
              40.414112
            ],
            [
              -89.551023,
              40.409961
            ],
            [
              -89.563253,
              40.408909
            ],
            [
              -89.551023,
              40.407857
            ],
            [
              -89.550104,
              40.406909
            ],
            [
              -89.549309,
              40.398909
            ],
            [
              -89.550579,
              40.396464
            ],
            [
              -89.555023,
              40.395821
            ],
            [
              -89.556198,
              40.394084
            ],
            [
              -89.559204,
              40.392909
            ],
            [
              -89.555023,
              40.392182
            ],
            [
              -89.553023,
              40.393752
            ],
            [
              -89.548429,
              40.393503
            ],
            [
              -89.550432,
              40.390909
            ],
            [
              -89.548522,
              40.388909
            ],
            [
              -89.54876,
              40.380645
            ],
            [
              -89.555992,
              40.379878
            ],
            [
              -89.556477,
              40.378909
            ],
            [
              -89.55474,
              40.376625
            ],
            [
              -89.558166,
              40.376051
            ],
            [
              -89.558748,
              40.374633
            ],
            [
              -89.56216,
              40.374046
            ],
            [
              -89.563023,
              40.372479
            ],
            [
              -89.577023,
              40.372341
            ],
            [
              -89.579023,
              40.37423
            ],
            [
              -89.580603,
              40.372488
            ],
            [
              -89.583023,
              40.372255
            ],
            [
              -89.585023,
              40.378679
            ],
            [
              -89.587023,
              40.372164
            ],
            [
              -89.603023,
              40.371465
            ],
            [
              -89.604245,
              40.371687
            ],
            [
              -89.605023,
              40.373802
            ],
            [
              -89.605643,
              40.371528
            ],
            [
              -89.607951,
              40.370909
            ],
            [
              -89.605612,
              40.370321
            ],
            [
              -89.605023,
              40.368686
            ],
            [
              -89.604294,
              40.370179
            ],
            [
              -89.603023,
              40.370353
            ],
            [
              -89.587023,
              40.369654
            ],
            [
              -89.586132,
              40.368909
            ],
            [
              -89.585023,
              40.36436
            ],
            [
              -89.583915,
              40.368909
            ],
            [
              -89.583023,
              40.369563
            ],
            [
              -89.569023,
              40.369389
            ],
            [
              -89.567023,
              40.358923
            ],
            [
              -89.564551,
              40.360909
            ],
            [
              -89.566,
              40.362909
            ],
            [
              -89.565023,
              40.364353
            ],
            [
              -89.557023,
              40.363551
            ],
            [
              -89.555666,
              40.364909
            ],
            [
              -89.555304,
              40.36919
            ],
            [
              -89.550774,
              40.369159
            ],
            [
              -89.550435,
              40.364909
            ],
            [
              -89.548604,
              40.362909
            ],
            [
              -89.548258,
              40.344909
            ],
            [
              -89.549855,
              40.342909
            ],
            [
              -89.54806,
              40.340909
            ],
            [
              -89.547768,
              40.336909
            ],
            [
              -89.549349,
              40.334909
            ],
            [
              -89.54747,
              40.334463
            ],
            [
              -89.5456,
              40.334909
            ],
            [
              -89.546279,
              40.336909
            ],
            [
              -89.545304,
              40.36319
            ],
            [
              -89.542514,
              40.362909
            ],
            [
              -89.54437,
              40.360909
            ],
            [
              -89.543023,
              40.35786
            ],
            [
              -89.540082,
              40.359968
            ],
            [
              -89.539348,
              40.363233
            ],
            [
              -89.536094,
              40.36398
            ],
            [
              -89.53563,
              40.364909
            ],
            [
              -89.537295,
              40.367181
            ],
            [
              -89.531023,
              40.367242
            ],
            [
              -89.530631,
              40.356909
            ],
            [
              -89.53254,
              40.354909
            ],
            [
              -89.530587,
              40.352909
            ],
            [
              -89.530105,
              40.349827
            ],
            [
              -89.528538,
              40.348909
            ],
            [
              -89.528382,
              40.340909
            ],
            [
              -89.53024,
              40.338909
            ],
            [
              -89.528266,
              40.336909
            ],
            [
              -89.529023,
              40.336058
            ],
            [
              -89.543497,
              40.334909
            ],
            [
              -89.529023,
              40.33376
            ],
            [
              -89.52796,
              40.332909
            ],
            [
              -89.527023,
              40.329581
            ],
            [
              -89.525638,
              40.333523
            ],
            [
              -89.522348,
              40.334234
            ],
            [
              -89.521023,
              40.336
            ],
            [
              -89.512367,
              40.336909
            ],
            [
              -89.523023,
              40.337855
            ],
            [
              -89.524372,
              40.336258
            ],
            [
              -89.525573,
              40.336359
            ],
            [
              -89.525355,
              40.349241
            ],
            [
              -89.5121,
              40.350909
            ],
            [
              -89.516114,
              40.351819
            ],
            [
              -89.527326,
              40.352607
            ],
            [
              -89.525466,
              40.354909
            ],
            [
              -89.527416,
              40.356909
            ],
            [
              -89.52725,
              40.363136
            ],
            [
              -89.492862,
              40.36307
            ],
            [
              -89.492807,
              40.352693
            ],
            [
              -89.509023,
              40.352069
            ],
            [
              -89.510749,
              40.350909
            ],
            [
              -89.509023,
              40.349749
            ],
            [
              -89.4928,
              40.349133
            ],
            [
              -89.492309,
              40.345624
            ],
            [
              -89.490645,
              40.344909
            ],
            [
              -89.490695,
              40.33858
            ],
            [
              -89.509023,
              40.337951
            ],
            [
              -89.510811,
              40.336909
            ],
            [
              -89.509023,
              40.335952
            ],
            [
              -89.505023,
              40.335718
            ],
            [
              -89.503023,
              40.333856
            ],
            [
              -89.501023,
              40.33561
            ],
            [
              -89.490636,
              40.335297
            ],
            [
              -89.490713,
              40.324598
            ],
            [
              -89.495023,
              40.324379
            ],
            [
              -89.497023,
              40.322342
            ],
            [
              -89.507023,
              40.322037
            ],
            [
              -89.509023,
              40.330493
            ],
            [
              -89.511023,
              40.322224
            ],
            [
              -89.525023,
              40.321223
            ],
            [
              -89.527023,
              40.325236
            ],
            [
              -89.529023,
              40.308428
            ],
            [
              -89.545478,
              40.308455
            ],
            [
              -89.545576,
              40.309462
            ],
            [
              -89.544056,
              40.310909
            ],
            [
              -89.545904,
              40.312909
            ],
            [
              -89.547023,
              40.323355
            ],
            [
              -89.548561,
              40.320909
            ],
            [
              -89.547687,
              40.318909
            ],
            [
              -89.548553,
              40.308438
            ],
            [
              -89.563023,
              40.307845
            ],
            [
              -89.564472,
              40.308909
            ],
            [
              -89.565023,
              40.31126
            ],
            [
              -89.565575,
              40.308909
            ],
            [
              -89.567023,
              40.307673
            ],
            [
              -89.575884,
              40.306909
            ],
            [
              -89.567023,
              40.306145
            ],
            [
              -89.565784,
              40.304909
            ],
            [
              -89.565023,
              40.301419
            ],
            [
              -89.564262,
              40.304909
            ],
            [
              -89.563023,
              40.305973
            ],
            [
              -89.547023,
              40.305592
            ],
            [
              -89.546309,
              40.304909
            ],
            [
              -89.545772,
              40.294909
            ],
            [
              -89.545023,
              40.29373
            ],
            [
              -89.543462,
              40.305347
            ],
            [
              -89.529023,
              40.30539
            ],
            [
              -89.528301,
              40.292186
            ],
            [
              -89.533859,
              40.290909
            ],
            [
              -89.528206,
              40.289726
            ],
            [
              -89.527023,
              40.285831
            ],
            [
              -89.525023,
              40.290883
            ],
            [
              -89.521023,
              40.290332
            ],
            [
              -89.519023,
              40.292072
            ],
            [
              -89.514447,
              40.291486
            ],
            [
              -89.513023,
              40.286072
            ],
            [
              -89.511023,
              40.291649
            ],
            [
              -89.490747,
              40.291185
            ],
            [
              -89.490556,
              40.286909
            ],
            [
              -89.492343,
              40.284909
            ],
            [
              -89.490497,
              40.282909
            ],
            [
              -89.490617,
              40.280502
            ],
            [
              -89.499023,
              40.27987
            ],
            [
              -89.501023,
              40.277737
            ],
            [
              -89.506851,
              40.276909
            ],
            [
              -89.499023,
              40.276045
            ],
            [
              -89.497023,
              40.27783
            ],
            [
              -89.490594,
              40.277338
            ],
            [
              -89.490287,
              40.268173
            ],
            [
              -89.494681,
              40.266909
            ],
            [
              -89.491023,
              40.266233
            ],
            [
              -89.489176,
              40.264909
            ],
            [
              -89.489829,
              40.258909
            ],
            [
              -89.488065,
              40.256909
            ],
            [
              -89.489855,
              40.254909
            ],
            [
              -89.488421,
              40.253512
            ],
            [
              -89.488319,
              40.250909
            ],
            [
              -89.489023,
              40.250215
            ],
            [
              -89.504501,
              40.248909
            ],
            [
              -89.488564,
              40.247369
            ],
            [
              -89.48766,
              40.236909
            ],
            [
              -89.487788,
              40.235673
            ],
            [
              -89.48942,
              40.234909
            ],
            [
              -89.487562,
              40.234371
            ],
            [
              -89.487023,
              40.233078
            ],
            [
              -89.485465,
              40.24735
            ],
            [
              -89.47073,
              40.247202
            ],
            [
              -89.470656,
              40.244542
            ],
            [
              -89.47386,
              40.243746
            ],
            [
              -89.475826,
              40.240909
            ],
            [
              -89.475023,
              40.240106
            ],
            [
              -89.470585,
              40.239348
            ],
            [
              -89.470463,
              40.236348
            ],
            [
              -89.48021,
              40.234909
            ],
            [
              -89.477023,
              40.23435
            ],
            [
              -89.475023,
              40.23291
            ],
            [
              -89.473023,
              40.233976
            ],
            [
              -89.470409,
              40.233524
            ],
            [
              -89.469023,
              40.226447
            ],
            [
              -89.467655,
              40.23354
            ],
            [
              -89.463023,
              40.2343
            ],
            [
              -89.46256,
              40.226909
            ],
            [
              -89.460711,
              40.225222
            ],
            [
              -89.459849,
              40.222083
            ],
            [
              -89.458423,
              40.221509
            ],
            [
              -89.456002,
              40.21793
            ],
            [
              -89.441859,
              40.204074
            ],
            [
              -89.43935,
              40.202582
            ],
            [
              -89.435759,
              40.202173
            ],
            [
              -89.435023,
              40.199775
            ],
            [
              -89.43168,
              40.196252
            ],
            [
              -89.428298,
              40.195634
            ],
            [
              -89.421481,
              40.188909
            ],
            [
              -89.419105,
              40.188827
            ],
            [
              -89.419023,
              40.184414
            ],
            [
              -89.418683,
              40.188909
            ],
            [
              -89.422555,
              40.193378
            ],
            [
              -89.427023,
              40.19779
            ],
            [
              -89.429023,
              40.197878
            ],
            [
              -89.432307,
              40.199625
            ],
            [
              -89.43426,
              40.203672
            ],
            [
              -89.438281,
              40.203651
            ],
            [
              -89.440177,
              40.207755
            ],
            [
              -89.452114,
              40.219818
            ],
            [
              -89.453514,
              40.220419
            ],
            [
              -89.454088,
              40.221845
            ],
            [
              -89.457991,
              40.223941
            ],
            [
              -89.458461,
              40.224909
            ],
            [
              -89.45749,
              40.226909
            ],
            [
              -89.459978,
              40.227954
            ],
            [
              -89.460445,
              40.228909
            ],
            [
              -89.45896,
              40.234845
            ],
            [
              -89.452309,
              40.233624
            ],
            [
              -89.451023,
              40.228143
            ],
            [
              -89.450175,
              40.232909
            ],
            [
              -89.448533,
              40.234909
            ],
            [
              -89.449872,
              40.236909
            ],
            [
              -89.449023,
              40.247383
            ],
            [
              -89.441023,
              40.247472
            ],
            [
              -89.439023,
              40.24569
            ],
            [
              -89.436568,
              40.245365
            ],
            [
              -89.432155,
              40.240909
            ],
            [
              -89.431023,
              40.232671
            ],
            [
              -89.430506,
              40.234909
            ],
            [
              -89.429023,
              40.236039
            ],
            [
              -89.425279,
              40.232653
            ],
            [
              -89.423464,
              40.232468
            ],
            [
              -89.423023,
              40.231279
            ],
            [
              -89.42287,
              40.233063
            ],
            [
              -89.424223,
              40.23371
            ],
            [
              -89.424645,
              40.235288
            ],
            [
              -89.429656,
              40.240276
            ],
            [
              -89.429892,
              40.242909
            ],
            [
              -89.431562,
              40.24437
            ],
            [
              -89.431867,
              40.246909
            ],
            [
              -89.431023,
              40.247667
            ],
            [
              -89.425023,
              40.247864
            ],
            [
              -89.423023,
              40.249955
            ],
            [
              -89.413025,
              40.250909
            ],
            [
              -89.425023,
              40.251895
            ],
            [
              -89.427023,
              40.25003
            ],
            [
              -89.431023,
              40.250151
            ],
            [
              -89.431788,
              40.250909
            ],
            [
              -89.433023,
              40.260629
            ],
            [
              -89.434551,
              40.250436
            ],
            [
              -89.435701,
              40.250909
            ],
            [
              -89.436256,
              40.253677
            ],
            [
              -89.440955,
              40.254909
            ],
            [
              -89.439601,
              40.263487
            ],
            [
              -89.433023,
              40.263838
            ],
            [
              -89.429322,
              40.264909
            ],
            [
              -89.432174,
              40.265759
            ],
            [
              -89.432914,
              40.266909
            ],
            [
              -89.431224,
              40.268909
            ],
            [
              -89.432251,
              40.270909
            ],
            [
              -89.431509,
              40.277394
            ],
            [
              -89.416739,
              40.278909
            ],
            [
              -89.431479,
              40.280453
            ],
            [
              -89.431335,
              40.289221
            ],
            [
              -89.429023,
              40.291335
            ],
            [
              -89.426662,
              40.29127
            ],
            [
              -89.425076,
              40.288857
            ],
            [
              -89.423023,
              40.288381
            ],
            [
              -89.421023,
              40.291416
            ],
            [
              -89.412408,
              40.291525
            ],
            [
              -89.409023,
              40.29045
            ],
            [
              -89.407023,
              40.291734
            ],
            [
              -89.405023,
              40.288252
            ],
            [
              -89.403023,
              40.293727
            ],
            [
              -89.391023,
              40.293662
            ],
            [
              -89.389023,
              40.291877
            ],
            [
              -89.387023,
              40.293766
            ],
            [
              -89.383023,
              40.293926
            ],
            [
              -89.381685,
              40.292909
            ],
            [
              -89.381023,
              40.288918
            ],
            [
              -89.379528,
              40.294909
            ],
            [
              -89.379854,
              40.298909
            ],
            [
              -89.377998,
              40.302909
            ],
            [
              -89.37962,
              40.304909
            ],
            [
              -89.379023,
              40.307422
            ],
            [
              -89.368582,
              40.30735
            ],
            [
              -89.367023,
              40.292176
            ],
            [
              -89.366004,
              40.300909
            ],
            [
              -89.364794,
              40.302909
            ],
            [
              -89.365808,
              40.304909
            ],
            [
              -89.365477,
              40.307363
            ],
            [
              -89.351024,
              40.307899
            ],
            [
              -89.349679,
              40.306909
            ],
            [
              -89.349023,
              40.303968
            ],
            [
              -89.347811,
              40.307696
            ],
            [
              -89.338839,
              40.308724
            ],
            [
              -89.338492,
              40.310377
            ],
            [
              -89.335906,
              40.310909
            ],
            [
              -89.339023,
              40.311188
            ],
            [
              -89.339734,
              40.309619
            ],
            [
              -89.341023,
              40.309405
            ],
            [
              -89.347023,
              40.309755
            ],
            [
              -89.348174,
              40.310909
            ],
            [
              -89.349023,
              40.315385
            ],
            [
              -89.350312,
              40.310197
            ],
            [
              -89.353023,
              40.309977
            ],
            [
              -89.355023,
              40.311848
            ],
            [
              -89.357023,
              40.310076
            ],
            [
              -89.361024,
              40.310167
            ],
            [
              -89.361772,
              40.310909
            ],
            [
              -89.361809,
              40.315695
            ],
            [
              -89.358491,
              40.316909
            ],
            [
              -89.363023,
              40.317731
            ],
            [
              -89.363988,
              40.316909
            ],
            [
              -89.364364,
              40.31425
            ],
            [
              -89.3659,
              40.312909
            ],
            [
              -89.364429,
              40.311503
            ],
            [
              -89.365023,
              40.310229
            ],
            [
              -89.395291,
              40.310641
            ],
            [
              -89.39534,
              40.313226
            ],
            [
              -89.392186,
              40.314072
            ],
            [
              -89.391023,
              40.315496
            ],
            [
              -89.385023,
              40.315654
            ],
            [
              -89.383023,
              40.314109
            ],
            [
              -89.381023,
              40.315821
            ],
            [
              -89.379023,
              40.314567
            ],
            [
              -89.377023,
              40.316092
            ],
            [
              -89.371242,
              40.316909
            ],
            [
              -89.375911,
              40.318022
            ],
            [
              -89.377023,
              40.321051
            ],
            [
              -89.377673,
              40.319558
            ],
            [
              -89.380218,
              40.318104
            ],
            [
              -89.395365,
              40.318567
            ],
            [
              -89.395023,
              40.321578
            ],
            [
              -89.391023,
              40.321154
            ],
            [
              -89.389023,
              40.323817
            ],
            [
              -89.379206,
              40.324909
            ],
            [
              -89.385023,
              40.325742
            ],
            [
              -89.387023,
              40.326913
            ],
            [
              -89.388249,
              40.326134
            ],
            [
              -89.393023,
              40.325543
            ],
            [
              -89.395505,
              40.326427
            ],
            [
              -89.395515,
              40.337401
            ],
            [
              -89.389023,
              40.337829
            ],
            [
              -89.387023,
              40.336797
            ],
            [
              -89.385023,
              40.338169
            ],
            [
              -89.378425,
              40.338909
            ],
            [
              -89.395491,
              40.340442
            ],
            [
              -89.395486,
              40.350909
            ],
            [
              -89.381023,
              40.351708
            ],
            [
              -89.379906,
              40.350909
            ],
            [
              -89.379268,
              40.346664
            ],
            [
              -89.377466,
              40.346467
            ],
            [
              -89.377023,
              40.345718
            ],
            [
              -89.376855,
              40.347077
            ],
            [
              -89.378177,
              40.347756
            ],
            [
              -89.37814,
              40.350909
            ],
            [
              -89.375722,
              40.352909
            ],
            [
              -89.378065,
              40.354909
            ],
            [
              -89.377471,
              40.361357
            ],
            [
              -89.374394,
              40.361539
            ],
            [
              -89.373023,
              40.359968
            ],
            [
              -89.368376,
              40.360909
            ],
            [
              -89.371023,
              40.361685
            ],
            [
              -89.373023,
              40.363917
            ],
            [
              -89.37744,
              40.364492
            ],
            [
              -89.377421,
              40.376909
            ],
            [
              -89.355023,
              40.377812
            ],
            [
              -89.353863,
              40.376909
            ],
            [
              -89.353023,
              40.372495
            ],
            [
              -89.352244,
              40.374129
            ],
            [
              -89.35005,
              40.374909
            ],
            [
              -89.351969,
              40.375963
            ],
            [
              -89.352184,
              40.376909
            ],
            [
              -89.35165,
              40.392909
            ],
            [
              -89.353361,
              40.395247
            ],
            [
              -89.338455,
              40.395477
            ],
            [
              -89.337023,
              40.388659
            ],
            [
              -89.335623,
              40.395508
            ],
            [
              -89.321698,
              40.396909
            ],
            [
              -89.337023,
              40.398649
            ],
            [
              -89.339023,
              40.39813
            ],
            [
              -89.353364,
              40.398569
            ],
            [
              -89.353565,
              40.408909
            ],
            [
              -89.349902,
              40.409787
            ],
            [
              -89.349261,
              40.417146
            ],
            [
              -89.338688,
              40.417244
            ],
            [
              -89.338271,
              40.410909
            ],
            [
              -89.339879,
              40.408909
            ],
            [
              -89.338043,
              40.406909
            ],
            [
              -89.337023,
              40.400236
            ],
            [
              -89.335596,
              40.409482
            ],
            [
              -89.333024,
              40.411737
            ],
            [
              -89.322715,
              40.412601
            ],
            [
              -89.322095,
              40.416909
            ],
            [
              -89.321023,
              40.418222
            ],
            [
              -89.314458,
              40.417475
            ],
            [
              -89.31425,
              40.414135
            ],
            [
              -89.318048,
              40.412909
            ],
            [
              -89.31417,
              40.411763
            ],
            [
              -89.313023,
              40.406457
            ],
            [
              -89.311865,
              40.411751
            ],
            [
              -89.307778,
              40.412909
            ],
            [
              -89.311023,
              40.413507
            ],
            [
              -89.311686,
              40.415572
            ],
            [
              -89.309023,
              40.417893
            ],
            [
              -89.303821,
              40.418111
            ],
            [
              -89.303023,
              40.417238
            ],
            [
              -89.302435,
              40.41832
            ],
            [
              -89.300736,
              40.418909
            ],
            [
              -89.309023,
              40.419924
            ],
            [
              -89.311558,
              40.422374
            ],
            [
              -89.311464,
              40.423349
            ],
            [
              -89.308185,
              40.42407
            ],
            [
              -89.307023,
              40.425601
            ],
            [
              -89.286466,
              40.426909
            ],
            [
              -89.305574,
              40.428359
            ],
            [
              -89.308005,
              40.430909
            ],
            [
              -89.308059,
              40.432909
            ],
            [
              -89.307023,
              40.43411
            ],
            [
              -89.302751,
              40.434909
            ],
            [
              -89.307023,
              40.435708
            ],
            [
              -89.309551,
              40.438382
            ],
            [
              -89.309436,
              40.439322
            ],
            [
              -89.280394,
              40.440909
            ],
            [
              -89.285023,
              40.442208
            ],
            [
              -89.287024,
              40.441608
            ],
            [
              -89.293672,
              40.442261
            ],
            [
              -89.295023,
              40.448857
            ],
            [
              -89.295793,
              40.444909
            ],
            [
              -89.298433,
              40.442319
            ],
            [
              -89.311023,
              40.442344
            ],
            [
              -89.312403,
              40.45553
            ],
            [
              -89.313488,
              40.457374
            ],
            [
              -89.316608,
              40.454909
            ],
            [
              -89.315023,
              40.454579
            ],
            [
              -89.313938,
              40.452909
            ],
            [
              -89.314659,
              40.442545
            ],
            [
              -89.331023,
              40.442523
            ],
            [
              -89.331635,
              40.448909
            ],
            [
              -89.329961,
              40.450909
            ],
            [
              -89.331596,
              40.452337
            ],
            [
              -89.331657,
              40.453543
            ],
            [
              -89.325023,
              40.45453
            ],
            [
              -89.324756,
              40.455176
            ],
            [
              -89.335023,
              40.456091
            ],
            [
              -89.335639,
              40.458909
            ],
            [
              -89.337023,
              40.460293
            ],
            [
              -89.349023,
              40.460492
            ],
            [
              -89.349759,
              40.464173
            ],
            [
              -89.351251,
              40.465137
            ],
            [
              -89.344034,
              40.465919
            ],
            [
              -89.343023,
              40.46929
            ],
            [
              -89.331023,
              40.469439
            ],
            [
              -89.330506,
              40.468391
            ],
            [
              -89.331663,
              40.467549
            ],
            [
              -89.331663,
              40.466269
            ],
            [
              -89.329023,
              40.465714
            ],
            [
              -89.327023,
              40.469474
            ],
            [
              -89.317023,
              40.469855
            ],
            [
              -89.316149,
              40.468909
            ],
            [
              -89.315023,
              40.4621
            ],
            [
              -89.312065,
              40.462909
            ],
            [
              -89.314025,
              40.463908
            ],
            [
              -89.313898,
              40.468909
            ],
            [
              -89.310234,
              40.470909
            ],
            [
              -89.31354,
              40.472392
            ],
            [
              -89.314061,
              40.477871
            ],
            [
              -89.317358,
              40.478575
            ],
            [
              -89.317291,
              40.483176
            ],
            [
              -89.314722,
              40.483211
            ],
            [
              -89.313023,
              40.481416
            ],
            [
              -89.311023,
              40.483366
            ],
            [
              -89.297023,
              40.483564
            ],
            [
              -89.296204,
              40.482909
            ],
            [
              -89.295023,
              40.477258
            ],
            [
              -89.293023,
              40.483646
            ],
            [
              -89.291023,
              40.482029
            ],
            [
              -89.289023,
              40.483758
            ],
            [
              -89.274426,
              40.484909
            ],
            [
              -89.281023,
              40.48567
            ],
            [
              -89.283023,
              40.48698
            ],
            [
              -89.285023,
              40.485902
            ],
            [
              -89.289651,
              40.486282
            ],
            [
              -89.290583,
              40.487349
            ],
            [
              -89.293647,
              40.488286
            ],
            [
              -89.295023,
              40.492586
            ],
            [
              -89.297023,
              40.486254
            ],
            [
              -89.317296,
              40.486636
            ],
            [
              -89.318088,
              40.496909
            ],
            [
              -89.317023,
              40.498469
            ],
            [
              -89.315667,
              40.498909
            ],
            [
              -89.317796,
              40.500136
            ],
            [
              -89.317419,
              40.505305
            ],
            [
              -89.311023,
              40.505969
            ],
            [
              -89.307023,
              40.504484
            ],
            [
              -89.305024,
              40.506023
            ],
            [
              -89.301468,
              40.506909
            ],
            [
              -89.307023,
              40.508011
            ],
            [
              -89.308034,
              40.511899
            ],
            [
              -89.309345,
              40.512587
            ],
            [
              -89.307465,
              40.515351
            ],
            [
              -89.307874,
              40.518058
            ],
            [
              -89.309349,
              40.518909
            ],
            [
              -89.309023,
              40.527144
            ],
            [
              -89.302849,
              40.527084
            ],
            [
              -89.302322,
              40.523611
            ],
            [
              -89.299023,
              40.523284
            ],
            [
              -89.298354,
              40.521578
            ],
            [
              -89.296787,
              40.521146
            ],
            [
              -89.296072,
              40.507861
            ],
            [
              -89.295023,
              40.50443
            ],
            [
              -89.293804,
              40.509689
            ],
            [
              -89.293402,
              40.523288
            ],
            [
              -89.28986,
              40.523745
            ],
            [
              -89.289442,
              40.524909
            ],
            [
              -89.291217,
              40.527102
            ],
            [
              -89.288708,
              40.526909
            ],
            [
              -89.288291,
              40.513642
            ],
            [
              -89.287024,
              40.507527
            ],
            [
              -89.285837,
              40.512909
            ],
            [
              -89.283932,
              40.514909
            ],
            [
              -89.28559,
              40.516909
            ],
            [
              -89.283363,
              40.519248
            ],
            [
              -89.281023,
              40.519542
            ],
            [
              -89.279657,
              40.520909
            ],
            [
              -89.281023,
              40.522276
            ],
            [
              -89.285304,
              40.522628
            ],
            [
              -89.285228,
              40.527114
            ],
            [
              -89.281023,
              40.527233
            ],
            [
              -89.280353,
              40.525579
            ],
            [
              -89.279023,
              40.525244
            ],
            [
              -89.273023,
              40.525273
            ],
            [
              -89.271023,
              40.523333
            ],
            [
              -89.268755,
              40.525178
            ],
            [
              -89.268067,
              40.508909
            ],
            [
              -89.269092,
              40.506909
            ],
            [
              -89.267023,
              40.501856
            ],
            [
              -89.265845,
              40.505731
            ],
            [
              -89.260336,
              40.506909
            ],
            [
              -89.265023,
              40.507659
            ],
            [
              -89.26598,
              40.508909
            ],
            [
              -89.265023,
              40.525323
            ],
            [
              -89.259024,
              40.52537
            ],
            [
              -89.257023,
              40.523452
            ],
            [
              -89.255023,
              40.525402
            ],
            [
              -89.251023,
              40.525451
            ],
            [
              -89.250013,
              40.520909
            ],
            [
              -89.249023,
              40.51992
            ],
            [
              -89.248034,
              40.520909
            ],
            [
              -89.247425,
              40.525311
            ],
            [
              -89.246574,
              40.525359
            ],
            [
              -89.243023,
              40.521836
            ],
            [
              -89.241487,
              40.525373
            ],
            [
              -89.238264,
              40.525668
            ],
            [
              -89.237023,
              40.523693
            ],
            [
              -89.232343,
              40.52359
            ],
            [
              -89.229655,
              40.520909
            ],
            [
              -89.229023,
              40.517979
            ],
            [
              -89.227835,
              40.52172
            ],
            [
              -89.223023,
              40.52237
            ],
            [
              -89.221641,
              40.522292
            ],
            [
              -89.221023,
              40.521517
            ],
            [
              -89.219845,
              40.521731
            ],
            [
              -89.219086,
              40.522909
            ],
            [
              -89.227775,
              40.524158
            ],
            [
              -89.229023,
              40.529702
            ],
            [
              -89.230276,
              40.526162
            ],
            [
              -89.237783,
              40.52615
            ],
            [
              -89.239023,
              40.531626
            ],
            [
              -89.241023,
              40.528217
            ],
            [
              -89.245023,
              40.528291
            ],
            [
              -89.247023,
              40.530163
            ],
            [
              -89.249023,
              40.528342
            ],
            [
              -89.257023,
              40.528428
            ],
            [
              -89.257419,
              40.529305
            ],
            [
              -89.255023,
              40.529786
            ],
            [
              -89.2539,
              40.530909
            ],
            [
              -89.255023,
              40.532032
            ],
            [
              -89.25747,
              40.532462
            ],
            [
              -89.259024,
              40.539154
            ],
            [
              -89.26071,
              40.528596
            ],
            [
              -89.267023,
              40.528509
            ],
            [
              -89.269023,
              40.530407
            ],
            [
              -89.271023,
              40.528533
            ],
            [
              -89.27398,
              40.531952
            ],
            [
              -89.275548,
              40.532384
            ],
            [
              -89.275877,
              40.536909
            ],
            [
              -89.275023,
              40.53805
            ],
            [
              -89.27127,
              40.538909
            ],
            [
              -89.275756,
              40.540177
            ],
            [
              -89.276824,
              40.543109
            ],
            [
              -89.279164,
              40.540909
            ],
            [
              -89.281023,
              40.54026
            ],
            [
              -89.285023,
              40.54039
            ],
            [
              -89.287024,
              40.542344
            ],
            [
              -89.289023,
              40.541602
            ],
            [
              -89.293023,
              40.542137
            ],
            [
              -89.29376,
              40.544909
            ],
            [
              -89.292148,
              40.546909
            ],
            [
              -89.294249,
              40.548909
            ],
            [
              -89.295023,
              40.551037
            ],
            [
              -89.296109,
              40.546909
            ],
            [
              -89.297023,
              40.546264
            ],
            [
              -89.298218,
              40.547714
            ],
            [
              -89.301023,
              40.548932
            ],
            [
              -89.302229,
              40.548115
            ],
            [
              -89.303685,
              40.548248
            ],
            [
              -89.306175,
              40.551757
            ],
            [
              -89.309525,
              40.552407
            ],
            [
              -89.311023,
              40.554359
            ],
            [
              -89.319295,
              40.554637
            ],
            [
              -89.319843,
              40.56409
            ],
            [
              -89.331023,
              40.564587
            ],
            [
              -89.331198,
              40.565083
            ],
            [
              -89.32952,
              40.565405
            ],
            [
              -89.329174,
              40.56906
            ],
            [
              -89.323519,
              40.569404
            ],
            [
              -89.323193,
              40.571078
            ],
            [
              -89.321023,
              40.571185
            ],
            [
              -89.320209,
              40.567724
            ],
            [
              -89.317838,
              40.567724
            ],
            [
              -89.317239,
              40.571125
            ],
            [
              -89.315661,
              40.571547
            ],
            [
              -89.315226,
              40.573112
            ],
            [
              -89.313612,
              40.573497
            ],
            [
              -89.313204,
              40.57709
            ],
            [
              -89.311602,
              40.577487
            ],
            [
              -89.311023,
              40.579217
            ],
            [
              -89.307698,
              40.579583
            ],
            [
              -89.307023,
              40.581272
            ],
            [
              -89.304754,
              40.581178
            ],
            [
              -89.304001,
              40.575932
            ],
            [
              -89.302748,
              40.574633
            ],
            [
              -89.301795,
              40.576909
            ],
            [
              -89.299545,
              40.578909
            ],
            [
              -89.299545,
              40.580909
            ],
            [
              -89.3014,
              40.582909
            ],
            [
              -89.30068,
              40.585253
            ],
            [
              -89.29266,
              40.585273
            ],
            [
              -89.291441,
              40.582491
            ],
            [
              -89.289023,
              40.58163
            ],
            [
              -89.287499,
              40.583384
            ],
            [
              -89.285023,
              40.583486
            ],
            [
              -89.283317,
              40.585203
            ],
            [
              -89.280793,
              40.58514
            ],
            [
              -89.282582,
              40.582909
            ],
            [
              -89.282572,
              40.578458
            ],
            [
              -89.284247,
              40.576909
            ],
            [
              -89.284722,
              40.572909
            ],
            [
              -89.283023,
              40.569961
            ],
            [
              -89.281931,
              40.571816
            ],
            [
              -89.279847,
              40.572909
            ],
            [
              -89.281736,
              40.574196
            ],
            [
              -89.281524,
              40.57541
            ],
            [
              -89.279023,
              40.576039
            ],
            [
              -89.274109,
              40.578909
            ],
            [
              -89.275023,
              40.579824
            ],
            [
              -89.279023,
              40.580366
            ],
            [
              -89.279315,
              40.5812
            ],
            [
              -89.277834,
              40.581719
            ],
            [
              -89.277284,
              40.583169
            ],
            [
              -89.274034,
              40.58392
            ],
            [
              -89.273023,
              40.585625
            ],
            [
              -89.270457,
              40.586343
            ],
            [
              -89.268187,
              40.588072
            ],
            [
              -89.267528,
              40.593413
            ],
            [
              -89.266289,
              40.592909
            ],
            [
              -89.266271,
              40.586909
            ],
            [
              -89.265023,
              40.584854
            ],
            [
              -89.262646,
              40.586909
            ],
            [
              -89.262437,
              40.588909
            ],
            [
              -89.263866,
              40.590909
            ],
            [
              -89.26348,
              40.593366
            ],
            [
              -89.247023,
              40.5933
            ],
            [
              -89.246463,
              40.584909
            ],
            [
              -89.248328,
              40.582909
            ],
            [
              -89.248229,
              40.580909
            ],
            [
              -89.247023,
              40.579703
            ],
            [
              -89.242633,
              40.579299
            ],
            [
              -89.242285,
              40.574909
            ],
            [
              -89.243023,
              40.573859
            ],
            [
              -89.247584,
              40.572909
            ],
            [
              -89.242393,
              40.571539
            ],
            [
              -89.241539,
              40.565425
            ],
            [
              -89.242224,
              40.564909
            ],
            [
              -89.241023,
              40.564272
            ],
            [
              -89.239023,
              40.564436
            ],
            [
              -89.237023,
              40.566133
            ],
            [
              -89.224593,
              40.565339
            ],
            [
              -89.222376,
              40.562909
            ],
            [
              -89.224102,
              40.560909
            ],
            [
              -89.222214,
              40.558909
            ],
            [
              -89.222253,
              40.550909
            ],
            [
              -89.221023,
              40.549779
            ],
            [
              -89.21985,
              40.553736
            ],
            [
              -89.216244,
              40.554909
            ],
            [
              -89.219023,
              40.555617
            ],
            [
              -89.219957,
              40.556909
            ],
            [
              -89.219023,
              40.566013
            ],
            [
              -89.204661,
              40.565271
            ],
            [
              -89.204334,
              40.558909
            ],
            [
              -89.206047,
              40.556909
            ],
            [
              -89.205023,
              40.555885
            ],
            [
              -89.202504,
              40.555429
            ],
            [
              -89.20236,
              40.552246
            ],
            [
              -89.210042,
              40.550909
            ],
            [
              -89.202297,
              40.549635
            ],
            [
              -89.201023,
              40.54306
            ],
            [
              -89.199221,
              40.552909
            ],
            [
              -89.199791,
              40.556909
            ],
            [
              -89.201713,
              40.558909
            ],
            [
              -89.201023,
              40.565712
            ],
            [
              -89.174789,
              40.565144
            ],
            [
              -89.174587,
              40.556909
            ],
            [
              -89.177023,
              40.554346
            ],
            [
              -89.191913,
              40.553798
            ],
            [
              -89.198193,
              40.552909
            ],
            [
              -89.174687,
              40.551246
            ],
            [
              -89.17461,
              40.546496
            ],
            [
              -89.177718,
              40.545604
            ],
            [
              -89.179023,
              40.543883
            ],
            [
              -89.18152,
              40.542909
            ],
            [
              -89.17823,
              40.540909
            ],
            [
              -89.178338,
              40.538224
            ],
            [
              -89.179698,
              40.536909
            ],
            [
              -89.177899,
              40.534909
            ],
            [
              -89.178258,
              40.532144
            ],
            [
              -89.180038,
              40.530909
            ],
            [
              -89.177023,
              40.529176
            ],
            [
              -89.175574,
              40.530909
            ],
            [
              -89.176324,
              40.532909
            ],
            [
              -89.175817,
              40.540909
            ],
            [
              -89.173023,
              40.54354
            ],
            [
              -89.165023,
              40.543957
            ],
            [
              -89.154583,
              40.543349
            ],
            [
              -89.153023,
              40.53096
            ],
            [
              -89.151357,
              40.538909
            ],
            [
              -89.151472,
              40.543358
            ],
            [
              -89.139024,
              40.544417
            ],
            [
              -89.137023,
              40.53501
            ],
            [
              -89.135592,
              40.543477
            ],
            [
              -89.124152,
              40.544909
            ],
            [
              -89.13554,
              40.546393
            ],
            [
              -89.13537,
              40.564909
            ],
            [
              -89.121023,
              40.565124
            ],
            [
              -89.120396,
              40.552909
            ],
            [
              -89.11833,
              40.550909
            ],
            [
              -89.117023,
              40.53924
            ],
            [
              -89.1157,
              40.545585
            ],
            [
              -89.109178,
              40.546909
            ],
            [
              -89.115631,
              40.548302
            ],
            [
              -89.115648,
              40.554909
            ],
            [
              -89.117538,
              40.556909
            ],
            [
              -89.117023,
              40.56313
            ],
            [
              -89.116576,
              40.561356
            ],
            [
              -89.114872,
              40.56106
            ],
            [
              -89.114565,
              40.559367
            ],
            [
              -89.112869,
              40.559063
            ],
            [
              -89.112553,
              40.557379
            ],
            [
              -89.110859,
              40.557073
            ],
            [
              -89.110477,
              40.555456
            ],
            [
              -89.107023,
              40.555148
            ],
            [
              -89.106535,
              40.553398
            ],
            [
              -89.102858,
              40.553074
            ],
            [
              -89.102523,
              40.551409
            ],
            [
              -89.099023,
              40.551477
            ],
            [
              -89.098236,
              40.549696
            ],
            [
              -89.094809,
              40.549124
            ],
            [
              -89.095023,
              40.547487
            ],
            [
              -89.098364,
              40.546909
            ],
            [
              -89.093023,
              40.546184
            ],
            [
              -89.092575,
              40.545357
            ],
            [
              -89.090084,
              40.544909
            ],
            [
              -89.088592,
              40.54334
            ],
            [
              -89.085503,
              40.542909
            ],
            [
              -89.085013,
              40.540919
            ],
            [
              -89.080827,
              40.541105
            ],
            [
              -89.080431,
              40.539502
            ],
            [
              -89.071023,
              40.539224
            ],
            [
              -89.070365,
              40.537567
            ],
            [
              -89.06279,
              40.537142
            ],
            [
              -89.063023,
              40.53245
            ],
            [
              -89.075023,
              40.532294
            ],
            [
              -89.077023,
              40.534171
            ],
            [
              -89.079023,
              40.53221
            ],
            [
              -89.083023,
              40.532104
            ],
            [
              -89.084058,
              40.534909
            ],
            [
              -89.083062,
              40.536909
            ],
            [
              -89.085023,
              40.538175
            ],
            [
              -89.087023,
              40.531967
            ],
            [
              -89.099023,
              40.531472
            ],
            [
              -89.099559,
              40.530909
            ],
            [
              -89.084442,
              40.52949
            ],
            [
              -89.083023,
              40.522646
            ],
            [
              -89.082007,
              40.528909
            ],
            [
              -89.081023,
              40.529657
            ],
            [
              -89.062718,
              40.529215
            ],
            [
              -89.062628,
              40.526514
            ],
            [
              -89.064244,
              40.524909
            ],
            [
              -89.062505,
              40.522909
            ],
            [
              -89.06248,
              40.518909
            ],
            [
              -89.064066,
              40.516909
            ],
            [
              -89.062318,
              40.514909
            ],
            [
              -89.064562,
              40.512909
            ],
            [
              -89.060559,
              40.511373
            ],
            [
              -89.060546,
              40.510431
            ],
            [
              -89.063818,
              40.508909
            ],
            [
              -89.060121,
              40.507811
            ],
            [
              -89.059731,
              40.505617
            ],
            [
              -89.061023,
              40.503647
            ],
            [
              -89.065023,
              40.504004
            ],
            [
              -89.065869,
              40.502909
            ],
            [
              -89.065023,
              40.502064
            ],
            [
              -89.061023,
              40.501868
            ],
            [
              -89.060056,
              40.500909
            ],
            [
              -89.060159,
              40.496044
            ],
            [
              -89.063853,
              40.494909
            ],
            [
              -89.060087,
              40.493845
            ],
            [
              -89.059023,
              40.488478
            ],
            [
              -89.057498,
              40.501383
            ],
            [
              -89.056455,
              40.501477
            ],
            [
              -89.055023,
              40.498407
            ],
            [
              -89.053023,
              40.50212
            ],
            [
              -89.051023,
              40.500759
            ],
            [
              -89.049023,
              40.502398
            ],
            [
              -89.045295,
              40.502909
            ],
            [
              -89.055023,
              40.503724
            ],
            [
              -89.057204,
              40.504728
            ],
            [
              -89.057712,
              40.506221
            ],
            [
              -89.056184,
              40.510909
            ],
            [
              -89.057245,
              40.513131
            ],
            [
              -89.053522,
              40.515407
            ],
            [
              -89.052637,
              40.516909
            ],
            [
              -89.054815,
              40.519117
            ],
            [
              -89.057366,
              40.518567
            ],
            [
              -89.058611,
              40.524909
            ],
            [
              -89.058193,
              40.526079
            ],
            [
              -89.057023,
              40.526518
            ],
            [
              -89.055775,
              40.526157
            ],
            [
              -89.055023,
              40.524244
            ],
            [
              -89.052167,
              40.524053
            ],
            [
              -89.05206,
              40.525872
            ],
            [
              -89.055501,
              40.528909
            ],
            [
              -89.053929,
              40.529815
            ],
            [
              -89.053331,
              40.531216
            ],
            [
              -89.047023,
              40.531457
            ],
            [
              -89.045023,
              40.529549
            ],
            [
              -89.042588,
              40.529345
            ],
            [
              -89.041975,
              40.520909
            ],
            [
              -89.043023,
              40.518989
            ],
            [
              -89.045523,
              40.52041
            ],
            [
              -89.049023,
              40.524256
            ],
            [
              -89.051867,
              40.523753
            ],
            [
              -89.051476,
              40.522457
            ],
            [
              -89.049369,
              40.520564
            ],
            [
              -89.047672,
              40.52026
            ],
            [
              -89.047303,
              40.518629
            ],
            [
              -89.045882,
              40.51805
            ],
            [
              -89.045272,
              40.516661
            ],
            [
              -89.04172,
              40.516212
            ],
            [
              -89.041331,
              40.514601
            ],
            [
              -89.03975,
              40.514182
            ],
            [
              -89.037023,
              40.509917
            ],
            [
              -89.035023,
              40.509024
            ],
            [
              -89.034765,
              40.511167
            ],
            [
              -89.03783,
              40.514103
            ],
            [
              -89.04018,
              40.518909
            ],
            [
              -89.038199,
              40.526909
            ],
            [
              -89.03972,
              40.528909
            ],
            [
              -89.039023,
              40.529592
            ],
            [
              -89.029023,
              40.529905
            ],
            [
              -89.028582,
              40.529351
            ],
            [
              -89.028392,
              40.524909
            ],
            [
              -89.03036,
              40.522909
            ],
            [
              -89.029583,
              40.516909
            ],
            [
              -89.030546,
              40.508909
            ],
            [
              -89.029023,
              40.491453
            ],
            [
              -89.02783,
              40.508909
            ],
            [
              -89.028421,
              40.520909
            ],
            [
              -89.026073,
              40.522909
            ],
            [
              -89.025023,
              40.529949
            ],
            [
              -89.02232,
              40.529613
            ],
            [
              -89.021023,
              40.528247
            ],
            [
              -89.020313,
              40.530198
            ],
            [
              -89.018182,
              40.530909
            ],
            [
              -89.019023,
              40.531585
            ],
            [
              -89.021023,
              40.531418
            ],
            [
              -89.021619,
              40.532313
            ],
            [
              -89.021909,
              40.537794
            ],
            [
              -89.021023,
              40.538347
            ],
            [
              -89.015719,
              40.538214
            ],
            [
              -89.014252,
              40.53768
            ],
            [
              -89.011312,
              40.534621
            ],
            [
              -89.009023,
              40.534507
            ],
            [
              -89.006085,
              40.534909
            ],
            [
              -89.010812,
              40.535121
            ],
            [
              -89.010544,
              40.538429
            ],
            [
              -89.007354,
              40.538579
            ],
            [
              -89.005023,
              40.537328
            ],
            [
              -89.003023,
              40.537757
            ],
            [
              -89.002641,
              40.538527
            ],
            [
              -88.997184,
              40.538748
            ],
            [
              -88.997023,
              40.538065
            ],
            [
              -88.994322,
              40.538909
            ],
            [
              -89.019023,
              40.540007
            ],
            [
              -89.021023,
              40.53928
            ],
            [
              -89.023023,
              40.540052
            ],
            [
              -89.02415,
              40.538036
            ],
            [
              -89.027023,
              40.537712
            ],
            [
              -89.029023,
              40.540412
            ],
            [
              -89.039364,
              40.540569
            ],
            [
              -89.040761,
              40.544909
            ],
            [
              -89.040308,
              40.546909
            ],
            [
              -89.042402,
              40.54753
            ],
            [
              -89.043023,
              40.548833
            ],
            [
              -89.043848,
              40.547733
            ],
            [
              -89.045023,
              40.547588
            ],
            [
              -89.059433,
              40.548499
            ],
            [
              -89.059209,
              40.554909
            ],
            [
              -89.061023,
              40.561747
            ],
            [
              -89.061999,
              40.560909
            ],
            [
              -89.062047,
              40.554909
            ],
            [
              -89.064473,
              40.552909
            ],
            [
              -89.062438,
              40.551495
            ],
            [
              -89.062369,
              40.548909
            ],
            [
              -89.063023,
              40.54837
            ],
            [
              -89.069329,
              40.548603
            ],
            [
              -89.070024,
              40.551909
            ],
            [
              -89.071366,
              40.552567
            ],
            [
              -89.07438,
              40.557553
            ],
            [
              -89.077691,
              40.558909
            ],
            [
              -89.077023,
              40.559833
            ],
            [
              -89.067347,
              40.560909
            ],
            [
              -89.073023,
              40.56171
            ],
            [
              -89.075023,
              40.563237
            ],
            [
              -89.077023,
              40.561879
            ],
            [
              -89.079498,
              40.562434
            ],
            [
              -89.08001,
              40.564909
            ],
            [
              -89.078237,
              40.566122
            ],
            [
              -89.077825,
              40.568909
            ],
            [
              -89.079698,
              40.570909
            ],
            [
              -89.077813,
              40.572909
            ],
            [
              -89.079576,
              40.574909
            ],
            [
              -89.079023,
              40.575461
            ],
            [
              -89.075023,
              40.575547
            ],
            [
              -89.073835,
              40.574097
            ],
            [
              -89.071023,
              40.572891
            ],
            [
              -89.069023,
              40.575734
            ],
            [
              -89.065023,
              40.575933
            ],
            [
              -89.063593,
              40.574909
            ],
            [
              -89.062812,
              40.572698
            ],
            [
              -89.061228,
              40.573113
            ],
            [
              -89.061568,
              40.574909
            ],
            [
              -89.060249,
              40.576135
            ],
            [
              -89.057347,
              40.576909
            ],
            [
              -89.060152,
              40.577781
            ],
            [
              -89.061023,
              40.579533
            ],
            [
              -89.063023,
              40.577688
            ],
            [
              -89.073629,
              40.578303
            ],
            [
              -89.079495,
              40.580438
            ],
            [
              -89.079589,
              40.589475
            ],
            [
              -89.071023,
              40.590027
            ],
            [
              -89.068569,
              40.590909
            ],
            [
              -89.075023,
              40.591769
            ],
            [
              -89.077023,
              40.592861
            ],
            [
              -89.079023,
              40.592029
            ],
            [
              -89.081023,
              40.596499
            ],
            [
              -89.082037,
              40.592909
            ],
            [
              -89.083023,
              40.592187
            ],
            [
              -89.093023,
              40.592408
            ],
            [
              -89.095023,
              40.595925
            ],
            [
              -89.096865,
              40.594909
            ],
            [
              -89.096684,
              40.59257
            ],
            [
              -89.099023,
              40.592486
            ],
            [
              -89.099614,
              40.598909
            ],
            [
              -89.097867,
              40.600909
            ],
            [
              -89.101023,
              40.603901
            ],
            [
              -89.104034,
              40.600909
            ],
            [
              -89.102486,
              40.596909
            ],
            [
              -89.102748,
              40.592633
            ],
            [
              -89.111024,
              40.592585
            ],
            [
              -89.111685,
              40.594247
            ],
            [
              -89.113359,
              40.594909
            ],
            [
              -89.113389,
              40.598909
            ],
            [
              -89.111443,
              40.600909
            ],
            [
              -89.111863,
              40.60207
            ],
            [
              -89.113425,
              40.602909
            ],
            [
              -89.109994,
              40.60388
            ],
            [
              -89.109391,
              40.609277
            ],
            [
              -89.105023,
              40.609543
            ],
            [
              -89.103023,
              40.611596
            ],
            [
              -89.101023,
              40.611633
            ],
            [
              -89.099023,
              40.609956
            ],
            [
              -89.097023,
              40.609865
            ],
            [
              -89.095023,
              40.611804
            ],
            [
              -89.091023,
              40.610424
            ],
            [
              -89.089023,
              40.612095
            ],
            [
              -89.081724,
              40.612909
            ],
            [
              -89.091023,
              40.61384
            ],
            [
              -89.092476,
              40.614909
            ],
            [
              -89.093023,
              40.617027
            ],
            [
              -89.093805,
              40.616909
            ],
            [
              -89.094069,
              40.614909
            ],
            [
              -89.097023,
              40.61408
            ],
            [
              -89.109763,
              40.61417
            ],
            [
              -89.110254,
              40.615678
            ],
            [
              -89.113462,
              40.616471
            ],
            [
              -89.113589,
              40.623475
            ],
            [
              -89.111024,
              40.625883
            ],
            [
              -89.108525,
              40.62641
            ],
            [
              -89.105894,
              40.62978
            ],
            [
              -89.10119,
              40.630909
            ],
            [
              -89.107023,
              40.631574
            ],
            [
              -89.108222,
              40.630108
            ],
            [
              -89.111024,
              40.629903
            ],
            [
              -89.113023,
              40.628429
            ],
            [
              -89.114477,
              40.631455
            ],
            [
              -89.116416,
              40.632909
            ],
            [
              -89.117023,
              40.635554
            ],
            [
              -89.11828,
              40.624909
            ],
            [
              -89.120602,
              40.622487
            ],
            [
              -89.123023,
              40.62232
            ],
            [
              -89.125023,
              40.620376
            ],
            [
              -89.126265,
              40.623668
            ],
            [
              -89.129023,
              40.624178
            ],
            [
              -89.129651,
              40.624909
            ],
            [
              -89.129597,
              40.630909
            ],
            [
              -89.131023,
              40.636532
            ],
            [
              -89.131581,
              40.635467
            ],
            [
              -89.133023,
              40.63515
            ],
            [
              -89.135023,
              40.636103
            ],
            [
              -89.137368,
              40.634909
            ],
            [
              -89.13387,
              40.630909
            ],
            [
              -89.135623,
              40.628909
            ],
            [
              -89.134166,
              40.626909
            ],
            [
              -89.134411,
              40.622909
            ],
            [
              -89.132503,
              40.620909
            ],
            [
              -89.133023,
              40.618096
            ],
            [
              -89.135023,
              40.618323
            ],
            [
              -89.137023,
              40.616171
            ],
            [
              -89.139024,
              40.618536
            ],
            [
              -89.140727,
              40.614613
            ],
            [
              -89.143023,
              40.614533
            ],
            [
              -89.143814,
              40.616118
            ],
            [
              -89.145023,
              40.616513
            ],
            [
              -89.151023,
              40.61656
            ],
            [
              -89.151745,
              40.618187
            ],
            [
              -89.155244,
              40.618689
            ],
            [
              -89.155711,
              40.620221
            ],
            [
              -89.163221,
              40.620712
            ],
            [
              -89.163264,
              40.62315
            ],
            [
              -89.161023,
              40.623427
            ],
            [
              -89.159542,
              40.624909
            ],
            [
              -89.161023,
              40.62639
            ],
            [
              -89.165271,
              40.626662
            ],
            [
              -89.166013,
              40.631919
            ],
            [
              -89.169494,
              40.632909
            ],
            [
              -89.166242,
              40.636128
            ],
            [
              -89.165761,
              40.637647
            ],
            [
              -89.165949,
              40.642909
            ],
            [
              -89.16783,
              40.644909
            ],
            [
              -89.168353,
              40.649579
            ],
            [
              -89.171023,
              40.649813
            ],
            [
              -89.173023,
              40.648296
            ],
            [
              -89.175023,
              40.650096
            ],
            [
              -89.177023,
              40.648372
            ],
            [
              -89.189023,
              40.648523
            ],
            [
              -89.189898,
              40.650034
            ],
            [
              -89.193274,
              40.650658
            ],
            [
              -89.193443,
              40.654909
            ],
            [
              -89.191584,
              40.656909
            ],
            [
              -89.193023,
              40.658348
            ],
            [
              -89.19548,
              40.658452
            ],
            [
              -89.196245,
              40.665687
            ],
            [
              -89.199421,
              40.666512
            ],
            [
              -89.201614,
              40.668319
            ],
            [
              -89.20262,
              40.674909
            ],
            [
              -89.201023,
              40.675931
            ],
            [
              -89.194296,
              40.676909
            ],
            [
              -89.195023,
              40.677509
            ],
            [
              -89.207023,
              40.678116
            ],
            [
              -89.209023,
              40.679296
            ],
            [
              -89.211023,
              40.678221
            ],
            [
              -89.217404,
              40.678528
            ],
            [
              -89.217595,
              40.68948
            ],
            [
              -89.20685,
              40.690909
            ],
            [
              -89.213777,
              40.692156
            ],
            [
              -89.215023,
              40.696413
            ],
            [
              -89.216335,
              40.692221
            ],
            [
              -89.223023,
              40.692193
            ],
            [
              -89.223775,
              40.692909
            ],
            [
              -89.223961,
              40.696909
            ],
            [
              -89.222683,
              40.698909
            ],
            [
              -89.224265,
              40.700909
            ],
            [
              -89.223685,
              40.70357
            ],
            [
              -89.214545,
              40.704909
            ],
            [
              -89.227569,
              40.706363
            ],
            [
              -89.22772,
              40.707606
            ],
            [
              -89.226484,
              40.708909
            ],
            [
              -89.227874,
              40.710909
            ],
            [
              -89.227538,
              40.717424
            ],
            [
              -89.217231,
              40.718909
            ],
            [
              -89.227606,
              40.720326
            ],
            [
              -89.22749,
              40.727376
            ],
            [
              -89.221023,
              40.727727
            ],
            [
              -89.219023,
              40.729772
            ],
            [
              -89.217023,
              40.729823
            ],
            [
              -89.21592,
              40.728909
            ],
            [
              -89.215023,
              40.723897
            ],
            [
              -89.213723,
              40.729608
            ],
            [
              -89.205023,
              40.730377
            ],
            [
              -89.203023,
              40.732534
            ],
            [
              -89.199512,
              40.732909
            ],
            [
              -89.205023,
              40.733421
            ],
            [
              -89.207023,
              40.73157
            ],
            [
              -89.213024,
              40.731849
            ],
            [
              -89.214253,
              40.732909
            ],
            [
              -89.214003,
              40.733889
            ],
            [
              -89.211832,
              40.734909
            ],
            [
              -89.214326,
              40.735606
            ],
            [
              -89.215023,
              40.736956
            ],
            [
              -89.216572,
              40.732457
            ],
            [
              -89.221023,
              40.732061
            ],
            [
              -89.223023,
              40.730132
            ],
            [
              -89.227023,
              40.730202
            ],
            [
              -89.227783,
              40.730909
            ],
            [
              -89.227672,
              40.733557
            ],
            [
              -89.220767,
              40.734909
            ],
            [
              -89.229023,
              40.735913
            ],
            [
              -89.233023,
              40.73564
            ],
            [
              -89.235023,
              40.737469
            ],
            [
              -89.235345,
              40.734587
            ],
            [
              -89.230391,
              40.733541
            ],
            [
              -89.230264,
              40.730909
            ],
            [
              -89.231024,
              40.730271
            ],
            [
              -89.237023,
              40.730328
            ],
            [
              -89.239023,
              40.728363
            ],
            [
              -89.253023,
              40.728464
            ],
            [
              -89.255023,
              40.726485
            ],
            [
              -89.267474,
              40.726458
            ],
            [
              -89.26774,
              40.731625
            ],
            [
              -89.266537,
              40.732423
            ],
            [
              -89.265438,
              40.735324
            ],
            [
              -89.255607,
              40.736909
            ],
            [
              -89.259024,
              40.73776
            ],
            [
              -89.261023,
              40.739685
            ],
            [
              -89.263023,
              40.738127
            ],
            [
              -89.265023,
              40.739943
            ],
            [
              -89.266544,
              40.738429
            ],
            [
              -89.269023,
              40.738327
            ],
            [
              -89.271365,
              40.740568
            ],
            [
              -89.271576,
              40.753461
            ],
            [
              -89.266429,
              40.754909
            ],
            [
              -89.271023,
              40.755936
            ],
            [
              -89.271905,
              40.756909
            ],
            [
              -89.272107,
              40.760909
            ],
            [
              -89.270544,
              40.762909
            ],
            [
              -89.2724,
              40.765533
            ],
            [
              -89.273023,
              40.768832
            ],
            [
              -89.273767,
              40.765652
            ],
            [
              -89.275705,
              40.76359
            ],
            [
              -89.277944,
              40.762909
            ],
            [
              -89.274197,
              40.761735
            ],
            [
              -89.27433,
              40.758215
            ],
            [
              -89.277023,
              40.75563
            ],
            [
              -89.279833,
              40.754909
            ],
            [
              -89.274467,
              40.753465
            ],
            [
              -89.274516,
              40.752402
            ],
            [
              -89.276143,
              40.750909
            ],
            [
              -89.274385,
              40.748909
            ],
            [
              -89.274464,
              40.744909
            ],
            [
              -89.276418,
              40.742909
            ],
            [
              -89.274695,
              40.74058
            ],
            [
              -89.279023,
              40.740133
            ],
            [
              -89.281023,
              40.741517
            ],
            [
              -89.283023,
              40.740396
            ],
            [
              -89.285023,
              40.741518
            ],
            [
              -89.287869,
              40.740909
            ],
            [
              -89.287356,
              40.738576
            ],
            [
              -89.282521,
              40.737412
            ],
            [
              -89.281784,
              40.734149
            ],
            [
              -89.278549,
              40.730909
            ],
            [
              -89.278531,
              40.728909
            ],
            [
              -89.282082,
              40.725967
            ],
            [
              -89.282763,
              40.722649
            ],
            [
              -89.285023,
              40.724194
            ],
            [
              -89.287024,
              40.724241
            ],
            [
              -89.287912,
              40.723797
            ],
            [
              -89.289023,
              40.720498
            ],
            [
              -89.291023,
              40.722423
            ],
            [
              -89.293023,
              40.720475
            ],
            [
              -89.295023,
              40.720463
            ],
            [
              -89.297023,
              40.722327
            ],
            [
              -89.299023,
              40.722375
            ],
            [
              -89.301023,
              40.720459
            ],
            [
              -89.303023,
              40.722384
            ],
            [
              -89.305024,
              40.722418
            ],
            [
              -89.307023,
              40.720495
            ],
            [
              -89.307348,
              40.723233
            ],
            [
              -89.304424,
              40.72431
            ],
            [
              -89.30412,
              40.726909
            ],
            [
              -89.305024,
              40.727544
            ],
            [
              -89.307023,
              40.726295
            ],
            [
              -89.307979,
              40.727954
            ],
            [
              -89.309349,
              40.728583
            ],
            [
              -89.309703,
              40.736909
            ],
            [
              -89.309023,
              40.737667
            ],
            [
              -89.304383,
              40.738269
            ],
            [
              -89.303069,
              40.744909
            ],
            [
              -89.303939,
              40.746909
            ],
            [
              -89.305024,
              40.747563
            ],
            [
              -89.311023,
              40.747001
            ],
            [
              -89.312617,
              40.747315
            ],
            [
              -89.313023,
              40.749273
            ],
            [
              -89.323023,
              40.749989
            ],
            [
              -89.325023,
              40.750982
            ],
            [
              -89.327023,
              40.750129
            ],
            [
              -89.329516,
              40.750417
            ],
            [
              -89.331023,
              40.763093
            ],
            [
              -89.332034,
              40.754909
            ],
            [
              -89.333755,
              40.752909
            ],
            [
              -89.3324,
              40.751533
            ],
            [
              -89.332554,
              40.750439
            ],
            [
              -89.349342,
              40.75059
            ],
            [
              -89.350862,
              40.760909
            ],
            [
              -89.349023,
              40.761614
            ],
            [
              -89.333802,
              40.762909
            ],
            [
              -89.353023,
              40.764307
            ],
            [
              -89.355023,
              40.772552
            ],
            [
              -89.35664,
              40.764526
            ],
            [
              -89.367023,
              40.764508
            ],
            [
              -89.367768,
              40.772909
            ],
            [
              -89.366354,
              40.774909
            ],
            [
              -89.367023,
              40.778793
            ],
            [
              -89.367565,
              40.776909
            ],
            [
              -89.370037,
              40.774909
            ],
            [
              -89.370767,
              40.764653
            ],
            [
              -89.381023,
              40.76461
            ],
            [
              -89.381754,
              40.768179
            ],
            [
              -89.383023,
              40.768544
            ],
            [
              -89.384293,
              40.768179
            ],
            [
              -89.384827,
              40.764713
            ],
            [
              -89.387023,
              40.764639
            ],
            [
              -89.387204,
              40.76509
            ],
            [
              -89.38558,
              40.765465
            ],
            [
              -89.385217,
              40.769103
            ],
            [
              -89.383619,
              40.769505
            ],
            [
              -89.38323,
              40.773116
            ],
            [
              -89.38166,
              40.773545
            ],
            [
              -89.381247,
              40.777132
            ],
            [
              -89.379712,
              40.777597
            ],
            [
              -89.379265,
              40.781151
            ],
            [
              -89.377774,
              40.781659
            ],
            [
              -89.37729,
              40.783176
            ],
            [
              -89.375938,
              40.783823
            ],
            [
              -89.375303,
              40.787189
            ],
            [
              -89.369023,
              40.787661
            ],
            [
              -89.367023,
              40.785064
            ],
            [
              -89.363023,
              40.78455
            ],
            [
              -89.360242,
              40.786128
            ],
            [
              -89.355023,
              40.786553
            ],
            [
              -89.353785,
              40.78967
            ],
            [
              -89.347023,
              40.790476
            ],
            [
              -89.346352,
              40.792238
            ],
            [
              -89.344178,
              40.792909
            ],
            [
              -89.353023,
              40.793112
            ],
            [
              -89.358037,
              40.795896
            ],
            [
              -89.357993,
              40.797878
            ],
            [
              -89.354808,
              40.800909
            ],
            [
              -89.355023,
              40.804107
            ],
            [
              -89.355515,
              40.8014
            ],
            [
              -89.357334,
              40.801219
            ],
            [
              -89.359023,
              40.799587
            ],
            [
              -89.361024,
              40.799989
            ],
            [
              -89.363023,
              40.795761
            ],
            [
              -89.365762,
              40.79617
            ],
            [
              -89.369023,
              40.798297
            ],
            [
              -89.370324,
              40.79621
            ],
            [
              -89.374168,
              40.794053
            ],
            [
              -89.379023,
              40.793344
            ],
            [
              -89.380242,
              40.793691
            ],
            [
              -89.380692,
              40.794909
            ],
            [
              -89.381175,
              40.800757
            ],
            [
              -89.383023,
              40.804447
            ],
            [
              -89.384678,
              40.802564
            ],
            [
              -89.385714,
              40.798909
            ],
            [
              -89.384226,
              40.797706
            ],
            [
              -89.384103,
              40.794909
            ],
            [
              -89.387023,
              40.791892
            ],
            [
              -89.391879,
              40.792053
            ],
            [
              -89.392939,
              40.794994
            ],
            [
              -89.399023,
              40.797592
            ],
            [
              -89.401023,
              40.799748
            ],
            [
              -89.407023,
              40.798236
            ],
            [
              -89.408592,
              40.796478
            ],
            [
              -89.411964,
              40.79585
            ],
            [
              -89.413023,
              40.79438
            ],
            [
              -89.421023,
              40.794376
            ],
            [
              -89.421023,
              40.795558
            ],
            [
              -89.416798,
              40.796909
            ],
            [
              -89.421411,
              40.798521
            ],
            [
              -89.421768,
              40.806909
            ],
            [
              -89.423023,
              40.807852
            ],
            [
              -89.424695,
              40.80458
            ],
            [
              -89.427023,
              40.804202
            ],
            [
              -89.429023,
              40.806121
            ],
            [
              -89.43163,
              40.806302
            ],
            [
              -89.432681,
              40.809252
            ],
            [
              -89.437023,
              40.812062
            ],
            [
              -89.441023,
              40.811495
            ],
            [
              -89.441023,
              40.81014
            ],
            [
              -89.439023,
              40.810408
            ],
            [
              -89.438105,
              40.809828
            ],
            [
              -89.435399,
              40.804534
            ],
            [
              -89.430501,
              40.803431
            ],
            [
              -89.424645,
              40.797288
            ],
            [
              -89.42452,
              40.794909
            ],
            [
              -89.428044,
              40.79393
            ],
            [
              -89.429023,
              40.79247
            ],
            [
              -89.431023,
              40.792486
            ],
            [
              -89.433023,
              40.796761
            ],
            [
              -89.435023,
              40.792516
            ],
            [
              -89.445023,
              40.792545
            ],
            [
              -89.445465,
              40.79935
            ],
            [
              -89.44203,
              40.802909
            ],
            [
              -89.442691,
              40.805242
            ],
            [
              -89.447023,
              40.805883
            ],
            [
              -89.4486,
              40.802486
            ],
            [
              -89.449375,
              40.802557
            ],
            [
              -89.451602,
              40.804909
            ],
            [
              -89.452105,
              40.807827
            ],
            [
              -89.453711,
              40.808909
            ],
            [
              -89.45419,
              40.811742
            ],
            [
              -89.459705,
              40.814227
            ],
            [
              -89.461008,
              40.816924
            ],
            [
              -89.462304,
              40.814189
            ],
            [
              -89.46588,
              40.814052
            ],
            [
              -89.467023,
              40.81835
            ],
            [
              -89.46796,
              40.812909
            ],
            [
              -89.467023,
              40.811963
            ],
            [
              -89.463023,
              40.811969
            ],
            [
              -89.461023,
              40.810087
            ],
            [
              -89.456531,
              40.809402
            ],
            [
              -89.45635,
              40.806909
            ],
            [
              -89.454445,
              40.804909
            ],
            [
              -89.454464,
              40.802909
            ],
            [
              -89.452519,
              40.800909
            ],
            [
              -89.452528,
              40.798909
            ],
            [
              -89.454355,
              40.796909
            ],
            [
              -89.454392,
              40.794909
            ],
            [
              -89.453023,
              40.79354
            ],
            [
              -89.451023,
              40.793442
            ],
            [
              -89.450757,
              40.792642
            ],
            [
              -89.459023,
              40.792553
            ],
            [
              -89.459023,
              40.793481
            ],
            [
              -89.457023,
              40.793505
            ],
            [
              -89.45562,
              40.794909
            ],
            [
              -89.457395,
              40.796538
            ],
            [
              -89.457588,
              40.798909
            ],
            [
              -89.459023,
              40.800345
            ],
            [
              -89.460683,
              40.798568
            ],
            [
              -89.463295,
              40.798637
            ],
            [
              -89.461489,
              40.800909
            ],
            [
              -89.46204,
              40.805892
            ],
            [
              -89.465023,
              40.806417
            ],
            [
              -89.466046,
              40.807886
            ],
            [
              -89.469023,
              40.808356
            ],
            [
              -89.471023,
              40.809789
            ],
            [
              -89.473023,
              40.808299
            ],
            [
              -89.475023,
              40.80982
            ],
            [
              -89.476511,
              40.808397
            ],
            [
              -89.477507,
              40.808425
            ],
            [
              -89.478582,
              40.81135
            ],
            [
              -89.481023,
              40.81297
            ],
            [
              -89.483023,
              40.812223
            ],
            [
              -89.485545,
              40.814387
            ],
            [
              -89.485765,
              40.81565
            ],
            [
              -89.483192,
              40.816909
            ],
            [
              -89.484552,
              40.817381
            ],
            [
              -89.487661,
              40.817547
            ],
            [
              -89.488562,
              40.814448
            ],
            [
              -89.493375,
              40.814557
            ],
            [
              -89.493596,
              40.818909
            ],
            [
              -89.491023,
              40.821609
            ],
            [
              -89.472655,
              40.822909
            ],
            [
              -89.474638,
              40.823294
            ],
            [
              -89.475023,
              40.824532
            ],
            [
              -89.477023,
              40.823648
            ],
            [
              -89.481023,
              40.823874
            ],
            [
              -89.483023,
              40.824987
            ],
            [
              -89.488074,
              40.825859
            ],
            [
              -89.489023,
              40.828666
            ],
            [
              -89.489855,
              40.824909
            ],
            [
              -89.491023,
              40.824209
            ],
            [
              -89.492795,
              40.829137
            ],
            [
              -89.495023,
              40.830326
            ],
            [
              -89.496288,
              40.828173
            ],
            [
              -89.499023,
              40.827975
            ],
            [
              -89.503023,
              40.832154
            ],
            [
              -89.50563,
              40.831516
            ],
            [
              -89.506593,
              40.828478
            ],
            [
              -89.507444,
              40.828488
            ],
            [
              -89.508901,
              40.834909
            ],
            [
              -89.507492,
              40.837378
            ],
            [
              -89.505023,
              40.837695
            ],
            [
              -89.503023,
              40.839766
            ],
            [
              -89.500303,
              40.840189
            ],
            [
              -89.499023,
              40.841928
            ],
            [
              -89.491258,
              40.842909
            ],
            [
              -89.490302,
              40.844188
            ],
            [
              -89.487886,
              40.844909
            ],
            [
              -89.495023,
              40.845567
            ],
            [
              -89.497023,
              40.843801
            ],
            [
              -89.501023,
              40.843917
            ],
            [
              -89.50241,
              40.842296
            ],
            [
              -89.505023,
              40.842089
            ],
            [
              -89.506506,
              40.840392
            ],
            [
              -89.509882,
              40.839767
            ],
            [
              -89.512611,
              40.836497
            ],
            [
              -89.51597,
              40.835855
            ],
            [
              -89.52063,
              40.830515
            ],
            [
              -89.523884,
              40.82977
            ],
            [
              -89.526652,
              40.826537
            ],
            [
              -89.531468,
              40.825354
            ],
            [
              -89.530564,
              40.82245
            ],
            [
              -89.535023,
              40.821884
            ],
            [
              -89.535998,
              40.820909
            ],
            [
              -89.535023,
              40.819934
            ],
            [
              -89.530697,
              40.819235
            ],
            [
              -89.52821,
              40.816909
            ],
            [
              -89.531023,
              40.814417
            ],
            [
              -89.532678,
              40.817254
            ],
            [
              -89.533389,
              40.817274
            ],
            [
              -89.534448,
              40.814909
            ],
            [
              -89.533726,
              40.812207
            ],
            [
              -89.52645,
              40.810909
            ],
            [
              -89.531023,
              40.809962
            ],
            [
              -89.533158,
              40.808774
            ],
            [
              -89.524721,
              40.806909
            ],
            [
              -89.525023,
              40.804606
            ],
            [
              -89.527271,
              40.804661
            ],
            [
              -89.529023,
              40.806439
            ],
            [
              -89.531023,
              40.804532
            ],
            [
              -89.533023,
              40.806433
            ],
            [
              -89.536039,
              40.805924
            ],
            [
              -89.536531,
              40.804909
            ],
            [
              -89.53472,
              40.803213
            ],
            [
              -89.53443,
              40.799502
            ],
            [
              -89.532585,
              40.796909
            ],
            [
              -89.53271,
              40.792909
            ],
            [
              -89.534308,
              40.792193
            ],
            [
              -89.534666,
              40.790909
            ],
            [
              -89.534255,
              40.787678
            ],
            [
              -89.531792,
              40.787678
            ],
            [
              -89.531023,
              40.789251
            ],
            [
              -89.530432,
              40.787501
            ],
            [
              -89.527023,
              40.787194
            ],
            [
              -89.525593,
              40.787479
            ],
            [
              -89.525023,
              40.789165
            ],
            [
              -89.524796,
              40.786909
            ],
            [
              -89.534485,
              40.78637
            ],
            [
              -89.535023,
              40.784647
            ],
            [
              -89.535606,
              40.786326
            ],
            [
              -89.540417,
              40.786302
            ],
            [
              -89.540813,
              40.784698
            ],
            [
              -89.542307,
              40.784192
            ],
            [
              -89.542702,
              40.780909
            ],
            [
              -89.542381,
              40.779551
            ],
            [
              -89.538759,
              40.778909
            ],
            [
              -89.538595,
              40.763338
            ],
            [
              -89.536827,
              40.762909
            ],
            [
              -89.536591,
              40.757342
            ],
            [
              -89.534795,
              40.756909
            ],
            [
              -89.534837,
              40.748909
            ],
            [
              -89.536598,
              40.748484
            ],
            [
              -89.536545,
              40.743387
            ],
            [
              -89.529467,
              40.743352
            ],
            [
              -89.529149,
              40.745034
            ],
            [
              -89.527023,
              40.745075
            ],
            [
              -89.526695,
              40.743237
            ],
            [
              -89.524876,
              40.742909
            ],
            [
              -89.536666,
              40.742551
            ],
            [
              -89.536666,
              40.739266
            ],
            [
              -89.527023,
              40.739065
            ],
            [
              -89.526721,
              40.737211
            ],
            [
              -89.522928,
              40.737004
            ],
            [
              -89.522931,
              40.734817
            ],
            [
              -89.52673,
              40.734616
            ],
            [
              -89.526877,
              40.732909
            ],
            [
              -89.52673,
              40.731202
            ],
            [
              -89.522932,
              40.731
            ],
            [
              -89.522891,
              40.728909
            ],
            [
              -89.524763,
              40.728648
            ],
            [
              -89.525023,
              40.726777
            ],
            [
              -89.529116,
              40.726816
            ],
            [
              -89.529326,
              40.734606
            ],
            [
              -89.534716,
              40.734602
            ],
            [
              -89.534716,
              40.731216
            ],
            [
              -89.532876,
              40.730909
            ],
            [
              -89.532882,
              40.726909
            ],
            [
              -89.538681,
              40.726566
            ],
            [
              -89.538681,
              40.723252
            ],
            [
              -89.530932,
              40.723001
            ],
            [
              -89.53275,
              40.722635
            ],
            [
              -89.532887,
              40.720909
            ],
            [
              -89.53275,
              40.719183
            ],
            [
              -89.530937,
              40.718823
            ],
            [
              -89.537023,
              40.718768
            ],
            [
              -89.537309,
              40.720623
            ],
            [
              -89.543023,
              40.720764
            ],
            [
              -89.543317,
              40.722616
            ],
            [
              -89.54912,
              40.722813
            ],
            [
              -89.549322,
              40.738611
            ],
            [
              -89.551124,
              40.738809
            ],
            [
              -89.55133,
              40.742602
            ],
            [
              -89.553127,
              40.742806
            ],
            [
              -89.55334,
              40.746593
            ],
            [
              -89.55513,
              40.746803
            ],
            [
              -89.555351,
              40.750582
            ],
            [
              -89.557189,
              40.750909
            ],
            [
              -89.557381,
              40.756551
            ],
            [
              -89.559143,
              40.756789
            ],
            [
              -89.559397,
              40.758535
            ],
            [
              -89.563201,
              40.758909
            ],
            [
              -89.563483,
              40.77045
            ],
            [
              -89.565275,
              40.770658
            ],
            [
              -89.565607,
              40.774326
            ],
            [
              -89.571023,
              40.774674
            ],
            [
              -89.571526,
              40.776406
            ],
            [
              -89.575235,
              40.776909
            ],
            [
              -89.575174,
              40.779059
            ],
            [
              -89.573516,
              40.779401
            ],
            [
              -89.57327,
              40.780909
            ],
            [
              -89.573516,
              40.782417
            ],
            [
              -89.575246,
              40.782909
            ],
            [
              -89.575266,
              40.790909
            ],
            [
              -89.573754,
              40.791639
            ],
            [
              -89.573389,
              40.792909
            ],
            [
              -89.573754,
              40.794179
            ],
            [
              -89.575276,
              40.794909
            ],
            [
              -89.57355,
              40.795435
            ],
            [
              -89.573204,
              40.79909
            ],
            [
              -89.567717,
              40.799603
            ],
            [
              -89.567246,
              40.801132
            ],
            [
              -89.565703,
              40.801589
            ],
            [
              -89.565265,
              40.803151
            ],
            [
              -89.563833,
              40.803719
            ],
            [
              -89.563428,
              40.804909
            ],
            [
              -89.563833,
              40.806099
            ],
            [
              -89.565395,
              40.806909
            ],
            [
              -89.5653,
              40.809186
            ],
            [
              -89.563023,
              40.807559
            ],
            [
              -89.561023,
              40.807716
            ],
            [
              -89.559831,
              40.808909
            ],
            [
              -89.563483,
              40.812909
            ],
            [
              -89.563308,
              40.815194
            ],
            [
              -89.561577,
              40.816909
            ],
            [
              -89.561545,
              40.818909
            ],
            [
              -89.559576,
              40.820909
            ],
            [
              -89.561283,
              40.823169
            ],
            [
              -89.559826,
              40.823711
            ],
            [
              -89.559295,
              40.825181
            ],
            [
              -89.557859,
              40.825745
            ],
            [
              -89.55333,
              40.831216
            ],
            [
              -89.550086,
              40.831972
            ],
            [
              -89.549357,
              40.835243
            ],
            [
              -89.537479,
              40.847365
            ],
            [
              -89.534264,
              40.848149
            ],
            [
              -89.52823,
              40.854116
            ],
            [
              -89.525844,
              40.85773
            ],
            [
              -89.521023,
              40.859771
            ],
            [
              -89.51873,
              40.862615
            ],
            [
              -89.518409,
              40.864295
            ],
            [
              -89.516887,
              40.864773
            ],
            [
              -89.516773,
              40.866658
            ],
            [
              -89.515041,
              40.866891
            ],
            [
              -89.515023,
              40.867124
            ]
          ]
        ]
      }
    }
  ]
}
